time,s1,s2,s3,s4,s5,s6,s7
698757.421521805,]0;🐍code.py | 10.1.3\-2.9624,-2.8938,-0.9875,-1.6621,-1.9312,348.2249,85.0000
698757.74694374,-2.4063,-2.4939,-1.3064,-1.7373,-2.1687,349.0125,85.3374
698758.072837535,-2.9810,-2.5938,-1.3689,-1.7813,-2.3811,350.9060,86.0815
698758.398705957,-2.4624,-2.3564,-1.1062,-1.3184,-1.5125,352.3875,86.2251
698758.72615885,-2.7061,-2.0127,-1.0188,-1.5435,-1.9812,353.7498,86.0938
698759.051702114,-2.4185,-2.7251,-1.0188,-1.3999,-1.2561,354.5623,86.7813
698759.377459144,-2.7310,-2.7002,-0.1563,-1.2749,-1.6875,356.3938,86.5625
698759.704366258,-1.8062,-2.1125,-0.8438,-0.9561,-1.5750,357.8499,86.8374
698760.029962176,-1.9937,-2.6189,-0.4126,-1.1997,-1.3374,358.6936,87.7002
698760.356207555,-2.1187,-1.2939,-1.2063,-1.3438,-1.2874,360.5374,86.9814
698760.681609861,-1.6812,-0.9314,-0.6563,-1.2188,-1.3936,362.0251,87.8374
698761.008660938,-2.0122,-1.9063,-0.5313,-1.0122,-1.0249,363.3562,88.1499
698761.33446328,-2.1250,-2.1814,-0.3313,-1.3623,-1.4500,364.7439,87.6377
698761.659848411,-1.2871,-1.9814,-0.9314,-0.6372,-1.3311,366.2937,88.0503
698761.985373846,-1.6187,-2.3813,-1.1938,-1.4312,-1.4624,367.7625,88.5938
698762.313206394,-1.8247,-2.1313,-0.7312,-1.1563,-1.2312,369.0813,88.3062
698762.639117388,-1.6997,-2.1377,-0.1438,-1.2935,-1.5249,370.3562,87.9189
698762.964673483,-1.9497,-0.7188,-0.3376,-0.6250,-1.3250,371.6687,88.6377
698763.291874347,-1.7373,-2.2063,0.2063,-1.5435,-1.1875,373.1501,89.0127
698763.617475068,-1.3936,-1.9438,-0.4563,-1.0747,-1.3999,374.7126,88.8940
698763.943078994,-1.7124,-0.7314,-0.9187,-1.4248,-1.4561,375.5686,89.1187
698764.268858182,-2.0313,-1.9438,-0.6750,-1.4312,-1.3250,377.1873,89.7627
698764.596176442,-2.0811,-1.6377,-0.9063,-1.2813,-1.0498,378.6311,90.1753
698764.92228868,-1.7373,-1.8064,-0.4688,-0.9937,-1.4063,379.8186,89.7939
698765.247582322,-1.5874,-1.7813,-0.3313,-0.9624,-0.9436,380.8811,89.6064
698765.573050411,-1.7310,-2.1501,-0.4314,-1.3438,-1.1687,382.1248,89.9878
698765.900279993,-1.8687,-1.7500,-0.7500,-0.6748,-1.1687,383.9060,90.5376
698766.226033281,-2.1563,-2.1250,-0.3250,-0.9497,-1.5938,385.1311,90.5127
698766.551770436,-1.9746,-1.8938,-0.6250,-1.3750,-1.6748,386.8313,90.6064
698766.878859569,-1.5996,-1.7314,-0.6438,-0.8750,-0.8311,387.3938,90.9814
698767.204704567,-1.8374,-1.6750,-0.6189,-0.7559,-1.1311,388.9685,90.9189
698767.530232722,-1.6621,-1.6001,-0.5251,-1.3374,-1.2437,390.3875,91.2378
698767.855788975,-1.6309,-1.8000,-0.3938,-0.6997,-1.2000,391.8625,91.8750
698768.182793872,-1.7500,-1.6626,-0.7937,-0.6748,-1.2437,393.5251,91.3750
698768.508705758,-1.5059,-2.0938,-0.6375,-0.8560,-1.5686,394.3689,91.4253
698768.834167427,-1.8125,-2.0188,-0.1501,-0.6621,-1.2373,396.0813,91.6626
698769.159812198,-1.8062,-2.1001,-0.9250,-1.0000,-1.5249,398.0310,92.0688
698769.486873103,-1.6748,-0.9375,-0.9001,-0.8560,-1.3687,399.0500,91.6001
698769.812478664,-1.8496,-2.1626,-0.1375,-1.3062,-1.4436,400.1814,92.5063
698770.138198987,-1.8999,-1.9814,-1.0000,-1.1309,-1.5186,401.2249,91.9438
698770.46528638,-1.9121,-1.9939,-1.2375,-0.3184,-0.7373,402.8562,91.9189
698770.790985844,-0.8936,-1.9250,-0.1375,-1.1250,-1.3374,404.2249,92.9253
698771.11641956,-2.0435,-1.8438,-0.5313,-1.1436,-1.4873,405.5500,92.5688
698771.442082567,-1.7500,-1.9375,-0.7312,-0.6997,-0.8687,407.0999,93.6563
698771.769454883,-1.2622,-1.6689,-0.4375,-0.8311,-1.0686,407.9812,92.8940
698772.094609726,-1.2500,-1.5500,-0.6001,-1.2437,-0.8936,409.8064,94.0938
698772.420155495,-1.1436,-2.4314,0.0061,-1.1563,-0.9561,411.5310,93.6313
698772.745859191,-1.8125,-2.1377,-0.1189,-1.3125,-1.2813,411.9314,93.7563
698773.072846376,-1.8560,-2.4250,-0.3875,-0.7188,-0.8374,413.6125,93.5752
698773.3984462,-1.9937,-2.1001,-0.1125,-0.6748,-0.8936,414.7688,94.0562
698773.724213061,-1.0811,-0.4688,-0.1313,-1.0811,-0.9312,415.9500,93.4878
698774.051126813,-1.7686,-1.6189,-0.7751,-0.5498,-0.8186,417.4500,94.0938
698774.376644852,-2.0938,-1.7876,-0.8064,-1.2246,-1.4187,418.4124,94.1440
698774.702627448,-0.9810,-1.2939,-0.0063,-1.2998,-0.6812,420.0750,93.9624
698775.028010908,-1.4561,-2.1125,-0.7500,-1.2188,-0.6687,421.1936,93.7002
698775.355083291,-2.3374,-1.8625,-1.0437,-0.8623,-0.7188,422.2751,94.5503
698775.680689581,-1.5059,-1.6438,-0.8376,-0.4185,-0.7500,423.9500,94.3687
698776.006145479,-1.2686,-1.2688,-0.5063,-0.7622,-1.0686,424.9001,94.4189
698776.332965401,-1.2559,-2.3376,-0.9001,-0.7437,-1.3250,426.0437,94.8252
698776.658891951,-1.8687,-1.8501,-1.0750,-1.0313,-0.8687,427.7874,94.6313
698776.984495327,-1.5313,-2.2063,-0.5376,-0.9375,-1.5437,428.9685,94.1563
698777.310157391,-1.1812,-2.1438,0.1125,-0.8496,-0.7000,430.1311,94.7500
698777.637294282,-2.0625,-2.5313,-0.6062,-0.5313,-1.0061,431.0935,95.0815
698777.962723691,-2.1499,-2.0876,-0.4751,-1.1123,-1.3750,432.4250,95.4565
698778.28824908,-1.9937,-2.3376,-0.5500,-0.6997,-1.0061,433.7439,95.2563
698778.613774403,-1.9810,-1.5439,-0.3562,-1.2500,-0.8623,435.1438,96.1313
698778.941088953,-1.3936,-2.0188,-0.8313,-1.4810,-1.1436,436.5935,95.7563
698779.266917377,-1.2246,-1.9939,-0.9063,-1.1187,-1.1436,437.6873,95.5063
698779.592471201,-2.0000,-1.8750,-0.0188,-1.4063,-1.5249,438.7126,95.8315
698779.919774773,-1.8374,-1.9189,-0.4563,-1.3247,-0.9248,439.7063,95.7813
698780.244820019,-2.0249,-1.9626,-0.0564,-1.6621,-1.4063,441.6750,95.8501
698780.57042172,-1.5000,-2.3501,-0.5500,-0.6123,-0.9063,442.7000,95.9814
698780.895987133,-1.6309,-1.7627,-0.6875,-0.8809,-1.1563,443.6311,96.6938
698781.222978541,-2.2061,-1.9001,-0.7375,-1.2310,-0.9812,444.9626,96.3999
698781.548898095,-1.4312,-1.9126,0.0938,-1.2437,-1.3936,446.0623,96.3564
698781.874452051,-1.7935,-1.9563,-0.5188,-1.1060,-1.2686,447.5750,96.3003
698782.199967663,-2.3125,-1.1814,-0.1750,-0.8809,-1.0874,448.5876,96.5127
698782.526973935,-2.2188,-2.6064,-0.8064,-1.2500,-0.8936,449.9812,96.5190
698782.853087191,-1.4375,-1.2063,-0.8501,-1.3496,-1.4873,451.4001,97.1938
698783.178404142,-1.3687,-2.3188,-0.3938,-1.2124,-0.6563,452.3123,96.7749
698783.50543607,-2.0313,-2.2126,-0.8125,-1.0000,-1.2937,453.8435,97.0503
698783.831052979,-2.1499,-1.0876,-0.5376,-0.8496,-1.1499,455.1560,96.8374
698784.156688149,-2.0747,-2.2002,-0.2126,-0.9688,-1.2561,455.5876,96.6128
698784.482465894,-1.8496,-2.0564,-0.6189,-1.2246,-0.8062,457.6248,97.5376
698784.809466379,-2.0562,-1.3313,-0.7439,-1.2246,-1.1748,458.7751,97.3501
698785.135009284,-1.7188,-2.2002,-0.5251,-0.9248,-1.3999,459.8499,97.0503
698785.461026714,-2.0249,-0.8064,-0.4939,-0.9624,-1.3186,460.9939,97.5376
698785.786343851,-1.4688,-2.3438,-0.1750,-1.2188,-1.1311,462.3689,97.4688
698786.113612508,-1.9434,-1.9875,-0.6687,-0.8311,-0.5750,463.4500,97.3628
698786.439063475,-1.8687,-2.5251,-0.4626,-1.0000,-1.1812,464.5876,98.1001
698786.764494694,-2.4121,-2.4626,-0.3188,-1.0498,-1.1375,465.9314,97.1938
698787.092041233,-2.4375,-2.1689,-0.4375,-1.0122,-1.4624,466.7439,97.7188
698787.417770899,-2.0435,-2.0127,-0.8689,-0.8750,-0.5874,468.4998,97.4312
698787.744561868,-2.2437,-1.9126,-0.5251,-0.9937,-1.2373,469.4563,98.0439
698788.069316695,-1.6499,-2.2439,-1.0063,-1.2998,-1.0313,470.9939,98.0376
698788.396591038,-2.0747,-1.8501,-1.0750,-1.4434,-1.3499,471.7063,98.0752
698788.722137273,-1.7935,-2.3438,-1.1062,-0.9688,-1.1875,473.2063,97.9814
698789.048050362,-1.6250,-2.1750,-0.1001,-0.8062,-0.8562,474.5188,98.3125
698789.374952744,-2.0625,-1.9939,-0.5813,-1.2998,-1.2874,475.5750,98.2065
698789.700726724,-2.0313,-1.6938,-0.5376,-1.1748,-1.0999,476.6501,98.1440
698790.026337476,-2.0625,-2.3000,-0.5938,-0.9624,-0.7749,477.6873,98.4126
698790.352074581,-2.0562,-1.9001,-0.6001,-0.9688,-1.1375,478.7439,99.0625
698790.679094991,-2.1934,-2.3750,-0.3875,-0.5874,-1.0811,479.8811,98.4565
698791.004858607,-1.2935,-2.2688,-0.9063,-0.7622,-0.5437,481.2751,98.5063
698791.330449598,-2.2686,-2.2188,-0.8313,-1.8062,-1.0313,482.5876,98.5752
698791.656509883,-2.5059,-2.1438,-0.8188,-0.8623,-0.7998,482.8562,98.7002
698791.983666892,-1.9746,-2.0127,-0.9626,-1.0186,-1.6687,484.2126,98.4502
698792.309259933,-1.8872,-2.4751,-1.2251,-1.1372,-1.6187,485.9001,98.7749
698792.634837262,-1.9121,-2.2126,-1.0000,-1.4746,-1.0249,487.0437,99.0503
698792.961733207,-2.6250,-2.3376,-0.3501,-0.9434,-1.0000,487.6687,99.0503
698793.287303582,-1.8184,-2.0127,-1.0188,-0.9063,-1.2000,489.1501,98.8501
698793.613065189,-2.1563,-1.3813,-0.5625,-0.9497,-1.1375,490.1873,99.0503
698793.938747486,-2.0498,-2.5688,-0.9563,-0.9937,-1.3562,491.5564,98.5938
698794.265745485,-2.0249,-1.0063,-0.8501,-1.0938,-1.8438,492.6814,99.5938
698794.591351246,-1.8687,-2.1438,-0.3750,-1.0186,-1.3062,493.8186,99.1313
698794.916779692,-2.1685,-2.0439,-0.5063,-1.0371,-0.9688,494.6125,99.2188
698795.242741566,-2.2813,-2.1377,-0.8875,-1.0625,-1.2998,496.9314,99.4312
698795.5697751,-2.3438,-1.9250,-0.7937,-1.0747,-1.2312,497.6936,99.2627
698795.895751301,-2.6563,-2.3438,-1.1001,-1.1499,-1.3623,498.7000,99.1001
698796.221021392,-2.3184,-2.2939,-0.9438,-1.1812,-0.8125,499.4685,99.1499
698796.54795794,-2.5747,-2.4751,-0.6563,-1.0874,-1.3311,500.6814,99.7314
698796.873566289,-2.3936,-1.9063,-0.2625,-1.5562,-1.2998,502.2375,99.4126
698797.199411355,-1.8936,-1.8877,-0.5688,-0.8438,-1.3562,502.8376,99.3438
698797.52466162,-2.8125,-1.9875,-1.4126,-1.3750,-1.1875,504.5813,99.5562
698797.851870405,-2.6997,-1.7627,-1.1501,-1.3438,-1.2373,505.0999,99.9751
698798.177526569,-2.6499,-2.7063,-1.1189,-1.0684,-1.3562,506.3625,99.4814
698798.502976399,-2.8560,-2.2375,-1.4063,-1.4688,-1.1748,507.8435,99.4312
698798.830308109,-1.9063,-2.3313,-0.8813,-0.9375,-0.9688,508.6311,99.4502
698799.155892576,-2.2998,-2.2126,-0.8562,-0.9688,-1.2061,509.7312,99.7065
698799.481706292,-2.0562,-2.2876,-0.4438,-1.4688,-1.4561,510.9749,99.6689
698799.807285526,-1.9937,-2.5876,-0.3501,-1.2188,-1.0498,512.0813,100.4189
698800.134395584,-1.7373,-2.0564,-0.2563,-1.4561,-1.5249,513.3186,100.1440
698800.460097167,-1.7871,-2.5127,-0.6438,-1.4248,-0.8687,514.3064,99.8125
698800.785782279,-2.1436,-2.0938,-0.4126,-0.8872,-1.2686,516.0876,99.4253
698801.111208992,-2.3311,-2.3813,-0.8562,-1.0122,-0.9375,517.3186,99.4814
698801.438641026,-1.8062,-2.2688,-0.5063,-1.1250,-1.1687,517.6936,99.6250
698801.764349137,-1.4248,-2.0876,-0.3313,-1.3247,-0.5562,518.5500,99.9878
698802.089824243,-2.3750,-1.6626,-0.8625,-1.0000,-1.4937,519.8499,100.3813
698802.416951793,-1.9624,-2.0127,-0.6125,-1.0249,-1.3750,521.1936,100.1440
698802.742281979,-2.0000,-2.4126,-0.6001,-0.9185,-1.1687,522.1624,100.0190
time,s1,s2,s3,s4,s5,s6,s7
1773859592.2574732,-2.4185,-1.3625,-0.9438,-1.5874,-0.9624,524.9060,99.8374
1773859592.2578359,-1.8687,-2.2188,-0.8750,-1.3062,-1.7312,525.1936,100.5503
1773859592.2581732,-2.6250,-2.4563,-1.2876,-0.9937,-1.3623,527.1624,99.9565
1773859592.258435,-2.5059,-2.3938,-0.6001,-1.3623,-1.4063,527.6936,100.3877
1773859592.5389478,]0;🐍code.py | 10.1.3\-2.7188,-2.2314,-0.6062,-1.2373,-1.5562,528.1873,100.8687
1773859592.8659036,-2.3560,-2.4126,-0.6189,-1.1123,-1.5999,530.0500,100.3188
1773859593.1917112,-2.0747,-2.2813,-1.0813,-1.0435,-1.5313,531.5374,100.7627
1773859593.5171926,-2.4497,-2.7688,-0.9375,-1.5000,-1.4312,532.1189,100.5688
1773859593.8454602,-2.7559,-2.2063,-0.4438,-1.2124,-1.2000,532.5374,100.2813
1773859594.170477,-2.3247,-2.0500,0.0874,-1.9185,-1.1499,534.1438,100.4126
1773859594.4958985,-2.8184,-2.8438,-0.8000,-1.4810,-1.5625,535.2126,100.7378
1773859594.8215368,-2.3872,-2.2439,-0.8313,-1.6436,-1.3311,536.3689,100.1689
1773859595.1488442,-2.3687,-2.6750,-0.7625,-1.1250,-1.6311,537.4250,100.4126
1773859595.4744537,-2.3872,-2.6377,-0.2188,-1.3999,-1.2500,538.3064,100.4751
1773859595.8002596,-2.8496,-2.6250,-0.9626,-1.9624,-1.2749,539.1311,100.6313
1773859596.1271598,-2.8311,-2.2813,-0.4063,-1.5811,-0.7500,540.3313,100.7939
1773859596.452867,-2.3247,-2.4688,-0.5437,-1.4810,-1.5374,541.7874,100.7876
1773859596.7782009,-2.0684,-2.5564,-1.3813,-1.7061,-1.7561,542.6311,100.1313
1773859597.1037097,-2.4624,-2.7063,-0.6501,-1.6187,-1.1563,543.6311,101.0376
1773859597.4313369,-2.8809,-2.5625,-1.1563,-1.7622,-1.7373,544.6814,100.9312
1773859597.7568653,-2.5435,-2.1125,-0.5063,-1.3809,-1.2124,545.8123,100.6499
1773859598.082784,-2.3560,-2.5876,0.2625,-1.3438,-1.5562,546.4812,101.3813
1773859598.408028,-3.0562,-2.7126,-0.9939,-1.5562,-1.5686,547.0374,100.9937
1773859598.7350898,-2.0371,-1.2563,-0.5313,-1.6123,-1.4812,548.4685,100.7251
1773859599.0604358,-2.4312,-2.3564,-0.8689,-1.5122,-1.8562,549.9124,100.8188
1773859599.386577,-2.4497,-2.3188,-0.9500,-1.1685,-1.5562,550.7561,100.3628
1773859599.7136452,-2.6060,-2.0188,-0.9751,-1.5562,-0.8374,551.8811,100.7378
1773859600.0394032,-2.5313,-2.5313,-1.1250,-1.8687,-1.2625,552.6560,100.4688
1773859600.364836,-2.9375,-1.9189,-1.0376,-1.5249,-1.6499,553.8313,100.8687
1773859600.6903687,-3.5938,-2.3188,-0.8125,-1.4873,-1.0874,555.0686,101.5625
1773859601.0176504,-2.7559,-2.7375,-0.8438,-1.3687,-1.7061,555.3811,101.7813
1773859601.343882,-2.4497,-2.4189,-0.7375,-1.6499,-1.4375,556.9436,101.4751
1773859601.6706874,-3.0938,-2.6125,-1.0625,-1.4497,-1.5874,557.8562,101.3564
1773859601.9968188,-3.0562,-2.8689,-0.8064,-1.3809,-1.5874,559.2185,101.3687
1773859602.3224037,-2.2813,-2.4438,-0.5251,-1.2686,-1.9124,559.4124,101.4126
1773859602.6477604,-2.6187,-2.3313,-1.2688,-1.5186,-1.5000,560.6687,101.2124
1773859602.9732158,-3.0186,-1.8938,-0.9438,-1.1499,-1.3936,561.4436,101.2500
1773859603.3002114,-2.1685,-2.5752,-0.8501,-1.5371,-1.1875,562.8435,101.4814
1773859603.6258783,-2.2686,-2.4688,-0.8501,-1.3496,-1.5811,563.6062,101.5127
1773859603.9515045,-3.1060,-2.1938,-0.2126,-1.3560,-1.4124,564.4500,101.2314
1773859604.2770238,-2.7871,-2.5564,-1.1062,-1.3687,-1.7000,565.4875,100.7563
1773859604.6041267,-2.9434,-2.5500,-1.2063,-1.3062,-1.2500,566.3250,101.3877
1773859604.9303222,-3.0562,-2.3252,-0.8689,-1.5562,-1.4500,567.4685,101.2251
1773859605.2558343,-2.7373,-2.8625,-0.9001,-1.4873,-1.0750,568.4875,101.2314
1773859605.5827384,-2.7622,-1.9126,-1.0876,-1.7935,-1.3811,569.8748,101.1938
1773859605.9082105,-2.8999,-2.8252,-0.3250,-1.7500,-1.7437,570.8186,101.1128
1773859606.2340217,-2.7437,-2.6438,-0.9314,-0.9624,-1.7998,570.8000,101.2251
1773859606.5595508,-2.9810,-2.5625,-1.0813,-1.3750,-1.4749,572.2498,101.3628
1773859606.8865602,-2.7246,-1.9751,-1.0500,-1.5186,-1.0874,573.2249,101.4565
1773859607.2121508,-2.7871,-1.7688,-0.5000,-1.7246,-1.9063,574.1814,101.1313
1773859607.53792,-2.6499,-2.6377,-1.3438,-1.6685,-1.6875,574.9998,101.4063
1773859607.8649828,-2.7559,-2.9063,-0.8625,-1.5996,-1.8999,575.6873,100.7124
1773859608.190711,-2.3750,-2.3689,-1.2375,-1.5562,-1.4688,576.9939,101.3628
1773859608.516369,-2.7559,-2.0188,-0.9001,-1.5249,-1.8062,577.8625,101.5815
1773859608.8418417,-2.1309,-2.3750,-0.8689,-1.5938,-1.1563,579.1501,101.3188
1773859609.1690216,-2.4746,-2.1938,-1.0938,-1.3750,-1.2749,579.7498,101.5439
1773859609.4948375,-2.2373,-2.3438,-1.0251,-2.0996,-2.0562,580.5564,101.3999
1773859609.8204124,-2.6748,-1.7500,-0.8376,-1.2500,-0.9688,581.5564,101.0439
1773859610.1460743,-2.5996,-2.0000,-0.3250,-0.9434,-1.4561,582.3186,101.4688
1773859610.473692,-3.3872,-2.8313,-1.1313,-2.0747,-1.9624,583.9626,101.2437
1773859610.7993748,-2.3438,-2.9375,-0.6375,-1.3374,-1.5750,584.3748,101.2251
1773859611.1249676,-2.8750,-2.7314,-1.0376,-1.9185,-1.6250,584.9373,101.8750
1773859611.451448,-2.6436,-2.7939,-0.8064,-1.7437,-1.5686,586.3562,101.2813
1773859611.777157,-2.6309,-2.0625,-0.8562,-1.5996,-1.1624,587.1750,101.2876
1773859612.102762,-2.9688,-2.6814,-0.4563,-2.0249,-1.8750,588.4626,101.5874
1773859612.4282186,-3.0435,-3.0127,-0.9375,-1.9248,-1.4124,589.3250,101.2065
1773859612.7552922,-3.2124,-1.9250,-1.0125,-1.6372,-1.6187,589.9187,101.4375
1773859613.0810852,-2.9248,-3.0063,-1.0063,-1.2686,-1.5750,590.4939,101.4624
1773859613.4060514,-2.4375,-1.9063,-1.2126,-1.1748,-1.4248,591.3689,101.8125
1773859613.7337754,-2.6060,-2.2563,-1.0000,-1.6563,-1.9436,592.8000,101.4312
1773859614.0594723,-2.4561,-2.8064,-1.1814,-1.9434,-1.3999,593.1375,101.6440
1773859614.385108,-2.9121,-2.2251,-1.0876,-1.5938,-1.4561,594.1687,101.8125
1773859614.7104971,-3.1812,-2.8188,-1.0376,-1.5996,-1.8438,595.2874,101.7749
1773859615.037571,-2.7871,-2.7126,-1.2876,-1.4624,-1.1687,596.7810,101.4624
1773859615.3628585,-3.0938,-2.7688,-0.6501,-1.7622,-0.9873,597.5437,100.9878
1773859615.6885033,-2.9497,-2.7876,-1.2625,-1.6372,-1.3186,597.8000,101.2002
1773859616.014304,-2.6934,-2.4063,-1.1750,-1.8560,-1.5313,599.1560,101.0376
1773859616.3414657,-2.5938,-2.6563,-0.6875,-1.2124,-1.9312,599.8435,102.0127
1773859616.667072,-2.7246,-2.4126,-1.0500,-1.7622,-1.3062,600.9250,101.6689
1773859616.9925008,-3.5562,-2.2500,-1.2876,-1.6875,-1.0186,601.5876,101.4063
1773859617.3195195,-2.5249,-2.2813,-0.8250,-1.7373,-1.2312,602.3499,101.6812
1773859617.6450965,-3.1812,-2.2876,-1.1062,-1.6372,-1.2500,603.6125,102.0190
1773859617.970549,-2.7246,-2.2813,-0.5500,-1.7813,-1.6875,604.8435,101.2124
1773859618.2963364,-3.6187,-2.5376,-0.9314,-1.7373,-1.4561,605.3123,101.1812
1773859618.623325,-3.5684,-2.4375,-1.0688,-1.4937,-1.7625,606.1311,101.7876
1773859618.948828,-3.1563,-2.2563,-0.1814,-1.3560,-1.6250,606.8250,101.3750
1773859619.2743068,-3.1436,-1.9626,-1.0437,-1.6372,-0.9749,607.9124,100.7437
1773859619.601145,-3.1621,-3.2627,-1.0813,-1.6187,-1.4624,609.0125,101.2188
1773859619.9270923,-3.2246,-2.1626,-0.8064,-1.7124,-1.9624,609.8689,101.4878
1773859620.2526493,-3.4312,-2.8125,-0.7251,-1.3623,-2.0437,610.9314,101.3877
1773859620.5783954,-3.5562,-2.5313,-1.2312,-1.3560,-1.1375,611.5310,101.3999
1773859620.9056716,-3.1748,-2.7876,-1.4812,-2.0186,-1.4187,612.2751,101.2749
1773859621.2312968,-2.9624,-2.4875,-0.8064,-1.8560,-1.8750,612.8376,100.8687
1773859621.556824,-3.0938,-2.5127,-1.0188,-1.8247,-1.4624,614.0125,101.1563
1773859621.8827808,-2.8496,-2.7251,-0.8438,-1.2559,-1.5938,614.9250,101.1499
1773859622.2099478,-3.3809,-2.6689,-1.1001,-1.3247,-1.0186,615.3938,101.3687
1773859622.5358841,-2.8687,-2.8938,-1.0437,-1.2500,-1.1936,616.1311,101.6313
1773859622.8614056,-3.3184,-2.9875,-0.9438,-1.6187,-1.5498,616.9749,101.0874
1773859623.1885016,-3.5186,-2.7314,-0.9126,-1.7813,-1.2061,617.8499,102.0503
1773859623.5140808,-3.1685,-2.1064,-1.7063,-1.7559,-1.4187,618.7561,101.0190
1773859623.8404408,-3.8311,-3.1064,-1.5313,-1.3184,-1.5625,620.4500,101.0127
1773859624.1659195,-3.4312,-2.3938,-1.5688,-1.6060,-1.3499,620.7625,101.3003
1773859624.4928682,-3.1563,-2.3501,-1.2876,-1.7686,-1.9500,621.0125,101.2002
1773859624.8183715,-3.6748,-2.5813,-1.8250,-2.2871,-1.7124,622.6438,101.0376
1773859625.1438832,-3.2686,-2.5439,-1.4875,-1.9497,-1.1499,623.1814,101.4814
1773859625.470776,-3.6875,-2.4063,-0.8875,-1.7188,-2.2188,624.1125,101.0063
1773859625.7965302,-3.5684,-2.9814,-0.8250,-1.8496,-1.2249,624.9875,101.3501
1773859626.1222203,-3.8311,-2.6938,-0.5313,-1.8184,-1.9312,625.6560,101.0439
1773859626.448061,-3.7310,-2.8188,-0.9751,-1.4873,-1.5999,626.3064,101.3438
1773859626.7752872,-3.9063,-2.9126,-1.5188,-1.5498,-1.2686,627.7688,101.1689
1773859627.1009817,-3.6621,-2.5251,-1.1062,-2.0874,-1.4749,628.5061,101.4937
1773859627.4264917,-3.4063,-2.5500,-1.0313,-2.1436,-1.5374,628.8123,101.4438
1773859627.751984,-2.6997,-1.7314,-1.4314,-1.7124,-1.5437,629.5500,101.1313
1773859628.0796423,-3.6250,-3.3188,-0.8938,-1.6685,-2.0374,630.4875,101.0688
1773859628.4049518,-3.7686,-2.7375,-0.7813,-1.9873,-1.6123,631.2561,101.0625
1773859628.730776,-3.2998,-2.8064,-1.3000,-1.8936,-1.8250,632.6311,101.2500
1773859629.0577574,-3.1812,-2.2876,-0.9812,-1.8125,-1.3438,633.0500,101.1250
1773859629.3831754,-3.4873,-2.9001,-0.6626,-1.8936,-1.6123,634.1438,101.1689
1773859629.7088296,-3.4248,-2.9063,-0.9375,-2.0625,-1.5437,634.8499,100.9937
1773859630.034513,-3.3125,-2.9375,-1.1250,-1.9434,-1.6436,635.6189,101.1250
1773859630.3617046,-3.9248,-2.8938,-1.1687,-2.1436,-2.0498,635.9563,101.0874
1773859630.6875494,-2.9873,-3.2002,-1.3813,-1.9746,-1.7937,637.4436,100.9126
1773859631.0129697,-3.3496,-3.1750,-1.1062,-1.5938,-1.3936,637.8313,101.5503
1773859631.3398674,-3.1812,-2.0625,-0.7751,-1.8247,-1.3687,638.4812,101.4189
1773859631.665498,-3.4312,-2.3000,-1.0188,-1.7061,-1.8250,639.2498,100.8687
1773859631.9910533,-3.5874,-2.8125,-1.4626,-1.7622,-2.0686,640.3435,100.8438
1773859632.3171253,-3.7246,-3.1438,-1.3000,-2.4063,-1.7937,641.0374,100.7563
1773859632.6445627,-3.1748,-1.7813,-1.2000,-2.0059,-1.5938,641.4187,100.6128
1773859632.9702246,-3.5938,-3.0752,-1.1687,-2.1934,-2.0313,642.4749,100.6938
1773859633.2957535,-3.9497,-2.8252,-1.0251,-1.7871,-2.1250,643.2874,101.1812
1773859633.6213117,-3.5562,-3.0813,-1.4250,-1.9688,-1.9937,644.0374,100.9624
1773859633.9483395,-3.2559,-3.2375,-1.2688,-1.8872,-1.3687,644.6873,100.8438
1773859634.2740457,-3.8062,-3.4939,-1.1062,-1.8496,-1.7061,645.7625,101.1563
1773859634.5997908,-2.8750,-2.6001,-1.5564,-2.0996,-1.7373,646.5061,100.9312
1773859634.9278042,-3.5996,-2.7314,-1.5063,-2.2500,-1.5686,647.1687,101.2749
1773859635.2532616,-4.2622,-3.0251,-0.6438,-2.2124,-1.7061,647.9875,101.3252
1773859635.5791461,-3.8872,-2.2876,-1.3064,-1.9873,-2.0498,648.7874,101.2002
1773859635.903996,-4.1187,-3.1377,-0.8438,-2.0938,-1.7625,649.5813,101.0688
1773859636.2317371,-3.9121,-2.8813,-1.1438,-1.8374,-1.7813,650.2688,100.7314
1773859636.557252,-3.8750,-3.1626,-1.7000,-2.1436,-1.4873,650.9060,100.9502
1773859636.882899,-3.7813,-3.0813,-1.1313,-2.1372,-1.9561,652.2874,100.7378
1773859637.2098815,-4.0371,-2.9563,-1.3313,-1.4873,-1.9937,652.8064,101.4126
1773859637.5354176,-3.9561,-2.5688,-1.7625,-1.9375,-1.7749,653.4812,100.7813
1773859637.860001,-4.0938,-1.7627,-1.5376,-1.5938,-1.7124,654.3376,100.3999
1773859638.1873202,-4.0498,-2.5876,-1.2063,-2.6875,-1.9561,654.9001,100.8628
1773859638.5141687,-4.0186,-2.9502,-0.9187,-2.5000,-1.4749,655.6438,100.8750
1773859638.8410063,-3.9746,-2.9375,-1.3313,-1.9121,-2.1311,655.9626,101.0874
1773859639.1656137,-3.4810,-2.7751,-1.8750,-1.9497,-1.3999,657.3748,100.4565
1773859639.4914489,-3.9185,-2.7688,-1.5876,-2.4746,-1.8250,657.9373,101.5752
1773859639.8188522,-3.8872,-2.8188,-1.4812,-2.2749,-1.9561,658.3811,101.1187
1773859640.1437755,-4.3872,-3.0938,-1.1189,-2.1123,-2.0874,658.8186,100.3438
1773859640.4697626,-3.8750,-3.1750,-1.5063,-1.9561,-1.8999,660.4124,100.8750
1773859640.797115,-3.8872,-2.5500,-1.1250,-2.1997,-2.0938,660.7810,101.1313
1773859641.1224911,-4.0435,-3.4063,-0.8875,-1.6748,-1.7874,661.5061,100.7627
1773859641.4489357,-3.8496,-2.6626,-1.7251,-2.3936,-1.9624,662.2937,100.7939
1773859641.7726552,-3.4121,-3.5876,-1.5188,-1.5684,-2.1624,662.9436,100.6875
1773859642.101075,-3.9746,-3.1938,-1.4126,-2.3496,-1.9624,663.5251,100.9253
1773859642.426298,-3.8936,-3.2188,-1.3689,-2.2437,-1.4873,664.1936,100.9565
1773859642.7518358,-4.0562,-2.9189,-0.9375,-2.0874,-2.1812,665.4563,100.4814
1773859643.077973,-3.4624,-3.4063,-1.1189,-2.5684,-1.7998,664.8938,100.6001
1773859643.4048083,-3.7998,-3.2251,-0.9875,-1.6060,-1.1187,655.4626,101.1938
1773859643.7302742,-3.9185,-3.2002,-1.2813,-2.2813,-2.0061,653.9436,101.1626
1773859644.0561929,-4.0371,-3.4688,-1.7188,-2.1436,-1.9248,655.3123,100.9814
1773859644.3830867,-3.9375,-2.2251,-1.7876,-2.3374,-1.9436,656.0876,100.8940
1773859644.7089252,-4.1812,-3.1250,-1.9250,-2.3496,-2.5313,656.5999,101.1626
1773859645.034345,-3.8311,-3.6689,-1.5564,-1.9561,-1.6812,657.5623,100.7813
1773859645.3599143,-3.3184,-3.7251,-2.2312,-2.5562,-1.7249,657.6814,100.5439
1773859645.6870518,-3.8062,-3.3938,-1.6938,-2.3311,-1.7312,658.9998,100.5376
1773859646.012691,-4.2188,-2.8252,-1.4626,-2.2124,-1.8499,659.2375,100.7876
1773859646.3382666,-3.9185,-3.6501,-1.9063,-2.5811,-2.0437,659.8250,101.1689
1773859646.6659977,-3.6372,-3.0625,-1.4563,-2.3560,-1.9500,660.6062,100.9751
1773859646.9912517,-4.6250,-3.0063,-1.5376,-2.3062,-1.8936,661.2498,100.4565
1773859647.3168318,-3.8560,-3.0313,-1.3376,-2.4063,-2.0313,661.9060,100.9063
1773859647.6421845,-3.9063,-3.0000,-1.8125,-2.2500,-2.2437,662.8689,100.7378
1773859647.9680316,-3.7998,-3.3064,-1.7751,-2.7373,-1.7749,663.1125,100.9375
1773859648.293513,-4.0249,-3.1938,-1.3625,-2.1123,-1.8125,663.4749,100.7749
1773859648.6190338,-4.0435,-3.2002,-1.2439,-2.0874,-1.6748,664.1125,100.5874
1773859648.9458177,-3.4121,-3.3376,-1.7625,-2.6309,-1.9375,664.8499,100.5376
1773859649.2717197,-4.4497,-2.9314,-2.0188,-2.1748,-1.7249,665.0999,100.6689
1773859649.5981452,-4.4121,-3.0376,-1.5125,-2.5435,-2.1624,665.6311,101.2065
1773859649.9241567,-3.9063,-2.9502,-1.6189,-2.1875,-2.3562,666.2751,100.8252
1773859650.2508278,-3.5747,-2.5500,-1.4438,-2.3687,-1.9436,666.9001,100.6563
1773859650.5764997,-3.9434,-3.6377,-1.5000,-2.3750,-1.9063,667.6936,100.4189
1773859650.9026434,-3.9375,-3.3000,-2.0625,-2.5625,-1.5811,675.8000,100.7378
1773859651.2277133,-4.0874,-3.9751,-3.0000,9.4629,-34.6062,1901.9429,8103.1660
1773859651.555965,-4.5498,-3.4001,-2.7251,8.3125,-33.9561,1831.2681,8134.5801
1773859651.8813038,-4.4873,-4.0376,-2.6750,8.7563,-34.0313,1808.9185,8128.9980
1773859652.2066097,-4.1812,-4.2126,-2.3875,8.4375,-33.5374,1795.7993,8118.0957
1773859652.5347502,-4.3809,-3.9814,-2.5376,8.3501,-33.4063,1786.0991,8102.2520
1773859652.8596475,-3.8750,-3.3625,-2.7439,7.8003,-33.6187,1780.0806,8090.4082
1773859653.185698,-4.3184,-3.9375,-2.4812,8.9063,-33.7937,1776.0181,8079.8965
1773859653.5116513,-4.7998,-3.9438,-2.9812,8.8003,-33.7312,1772.8306,8068.5723
1773859653.8384485,-4.3936,-3.6501,-2.6875,8.3501,-33.4937,1771.4497,8058.6113
1773859654.1640522,-4.6123,-3.5188,-2.6938,8.2813,-33.2937,1769.6304,8049.5176
1773859654.48978,-4.4810,-3.7813,-2.7813,8.4316,-33.6123,1769.1616,8040.3535
1773859654.817476,-4.5625,-4.2251,-2.3938,8.4502,-33.7874,1768.9683,8032.7598
1773859655.14294,-4.5684,-4.0251,-1.7375,8.5938,-33.3623,1768.6372,8026.3613
1773859655.4687314,-4.5435,-3.9126,-1.5876,8.3877,-33.3374,1768.4741,8018.8340
1773859655.7945268,-4.6187,-4.1689,-2.4563,8.5254,-33.6375,1768.6499,8012.4395
1773859656.1217778,-4.7686,-3.4126,-2.0063,8.8501,-33.0750,1768.7935,8007.3340
1773859656.4471772,-4.3125,-3.7688,-2.8064,8.4502,-33.4063,1769.5874,8001.7676
1773859656.7731316,-4.7373,-4.2439,-2.7188,8.6816,-33.4124,1769.5806,6546.0547
1773859657.100196,-4.5625,-2.8438,-0.6189,-2.7310,1.1750,764.7249,205.7065
1773859657.4259477,-4.5371,-2.9688,-0.7563,-3.0059,0.3313,777.6438,251.5313
1773859657.7518811,-4.4873,-3.2375,-1.2126,-2.2500,0.1938,780.3435,264.0063
1773859658.0768664,-4.5122,-3.0813,-1.4001,-2.8999,0.6064,781.5935,269.0874
1773859658.4039392,-4.3496,-3.4875,-2.0437,-3.0498,0.6125,782.0750,272.0439
1773859658.729859,-3.7310,-2.5938,-1.0750,-2.8125,0.2314,782.6814,274.1875
1773859659.0546997,-4.6875,-2.9250,-1.2188,-2.6934,0.2251,782.7625,275.9565
1773859659.3803136,-4.1563,-3.4314,-1.8750,-3.0122,0.0251,782.9436,277.2500
1773859659.7083952,-4.0435,-3.1938,-1.6938,-2.7998,-0.3562,783.0500,277.6753
1773859660.0335948,-4.2124,-3.3313,-1.1875,-2.6250,0.5000,783.2126,278.8252
1773859660.3593097,-4.8374,-3.1001,-1.5063,-2.9063,-0.0249,783.7439,279.3687
1773859660.6864839,-4.4063,-3.4814,-1.3250,-3.0186,-0.0811,784.4060,279.9814
1773859661.0124257,-3.9497,-3.2126,-1.8813,-2.5498,-0.2500,784.9998,280.0190
1773859661.3382416,-4.4937,-3.2688,-1.9126,-2.6621,0.2314,785.3186,280.5376
1773859661.6638305,-4.6372,-3.2939,-1.1938,-3.4248,-0.3562,785.1125,282.3999
1773859661.9910195,-4.4063,-3.2188,-1.5125,-3.0935,0.3689,785.9749,282.0249
1773859662.3169558,-4.1621,-3.5376,-1.0688,-3.1184,-0.3562,786.1560,282.7813
1773859662.6420672,-4.4312,-3.1563,-1.7126,-2.6563,-0.5686,787.1248,283.5874
1773859662.9700823,-4.2124,-3.4751,-1.4375,-2.9121,0.0376,787.3376,283.2188
1773859663.2955747,-4.4497,-2.8938,-1.5313,-3.0310,-0.3311,788.0437,283.7251
1773859663.6212506,-4.3623,-3.7063,-1.2500,-2.5371,0.0688,788.9626,283.5874
1773859663.9468975,-4.5996,-3.2002,-1.6125,-2.9185,-0.4873,789.3186,283.4565
1773859664.2741158,-4.4185,-3.2063,-1.4375,-3.0623,-0.2312,789.6687,283.7563
1773859664.5999002,-4.5249,-3.0876,-1.5437,-2.6934,0.0000,790.4563,283.6187
1773859664.9263659,-4.4937,-3.1501,-1.8562,-3.0559,-0.0938,790.7063,283.8564
1773859665.2515566,-4.4063,-3.0625,-1.7000,-2.6060,-0.4937,791.4939,283.7188
1773859665.5788844,-3.8125,-3.8000,-1.5625,-3.0935,-0.4812,792.4250,283.4937
1773859665.9034102,-4.1748,-3.1750,-1.5938,-2.8809,-0.0125,792.4749,284.0503
1773859666.2298918,-4.9497,-3.3813,-1.9438,-2.9185,-0.7437,792.9812,284.0503
1773859666.556405,-4.6250,-3.3376,-2.0376,-2.3062,-0.1499,793.3875,284.3687
1773859666.8827326,-4.6812,-3.3750,-1.6875,-2.7188,-0.2312,794.3123,284.2124
1773859667.2085674,-4.3809,-3.4563,-1.3938,-3.1436,-0.1748,794.9124,284.7314
1773859667.5350132,-4.5249,-2.9751,-1.2937,-2.5874,-0.5249,795.4563,284.6064
1773859667.8614018,-4.6748,-3.3625,-1.5000,-2.7124,-0.1687,795.7561,284.3940
1773859668.1873097,-4.2813,-3.6313,-1.5188,-2.5938,-0.5437,796.0935,283.9565
1773859668.5126605,-4.1997,-2.2439,-1.7439,-2.7749,-0.3125,797.6936,283.8315
1773859668.8397348,-4.2437,-3.0063,-1.6375,-3.1436,-0.7437,797.9314,284.0190
1773859669.1655347,-4.7935,-3.0625,-1.8625,-2.9434,-0.3438,798.7126,283.9624
1773859669.4912786,-4.6123,-2.3813,-1.8625,-2.7559,-0.1311,798.8689,284.7437
1773859669.816794,-4.5435,-3.6563,-1.4751,-3.0996,-0.6687,799.4124,284.1812
1773859670.1441755,-4.5249,-3.0938,-1.6250,-2.9497,-1.0498,799.9998,284.5688
1773859670.4697368,-4.0811,-3.1189,-1.7251,-2.6060,-0.8374,800.7249,284.4126
1773859670.7948968,-4.6060,-3.4438,-1.2500,-2.8872,-0.4624,801.0061,283.8750
1773859671.121223,-4.5938,-3.5313,-0.8750,-2.8247,-0.5686,801.6501,283.9438
1773859671.448102,-4.9121,-3.5313,-1.1938,-2.8184,-0.9561,802.6248,283.5938
1773859671.7736964,-4.2061,-3.4189,-1.2813,-2.8438,-0.9688,802.4500,284.1187
1773859672.0996053,-4.7559,-3.2876,-1.0188,-3.3936,-0.5000,803.5623,284.3062
1773859672.426709,-4.4624,-3.5876,-1.5876,-3.2185,-0.1062,804.2688,283.8501
1773859672.751742,-4.8560,-2.6689,-1.3188,-2.9248,-0.5000,804.5813,284.2813
1773859673.077388,-4.2998,-3.7375,-1.2688,-3.0310,-0.7061,805.7688,283.3999
1773859673.4030497,-4.8184,-3.5376,-1.3750,-3.1436,-0.8374,806.3250,283.4312
1773859673.7301645,-4.9121,-3.2876,-1.3875,-2.9121,-0.7813,806.4001,284.2500
1773859674.0564435,-4.0313,-2.6875,-1.8875,-2.6812,-0.0374,807.1125,283.6250
1773859674.3813205,-3.8872,-3.2627,-1.7937,-3.1685,-0.8125,807.4563,296.2314
1773859674.7085247,-4.0435,-3.4189,-3.0063,7.4565,-30.4749,1895.9810,6262.8301
1773859675.0344727,-5.1875,-4.2375,-2.2751,7.3066,-30.7561,1645.6870,1434.5688
1773859675.359869,-4.3062,-3.5500,-1.1125,-2.9685,-1.8250,699.7810,112.2314
1773859675.685648,-5.0811,-3.5876,-1.6938,-2.8560,-1.5374,695.9749,119.1064
1773859676.0132327,-4.9561,-3.4063,-1.5688,-2.6621,-2.2249,700.3250,112.1753
1773859676.3392951,-4.6309,-3.5938,-1.8000,-2.5996,-1.7000,703.5564,108.8315
1773859676.6641812,-4.5059,-3.5625,-1.5437,-2.8936,-1.7249,705.8875,108.7251
1773859676.9901075,-4.8750,-3.5752,-1.8250,-2.5249,-1.5686,706.0813,109.0752
1773859677.3168662,-4.5435,-3.4626,-1.8813,-2.8750,-1.7937,706.8123,109.3501
1773859677.6425228,-5.1563,-2.6501,-1.4939,-3.0186,-1.8250,708.0686,109.5000
1773859677.9681997,-5.1997,-3.6875,-1.8250,-2.3184,-1.4873,706.9626,109.0938
1773859678.295512,-4.8999,-3.7188,-2.0938,-2.4185,-1.4187,707.0188,108.9878
1773859678.6214452,-5.1060,-3.8064,-1.4939,-2.6685,-1.6624,706.7063,109.2002
1773859678.9466913,-5.1499,-3.6438,-1.9626,-2.0938,-2.3811,706.6375,109.6187
1773859679.2727306,-4.7871,-3.6064,-2.2312,-2.7622,-1.9375,706.0188,109.3438
1773859679.599506,-4.8374,-3.2063,-1.5688,-2.8623,-2.2000,705.8376,109.0625
1773859679.925327,-4.9624,-3.5876,-1.6814,-2.8750,-2.1187,705.1873,109.0376
1773859680.2498422,-4.3999,-3.7439,-2.0000,-2.3062,-1.4812,704.3186,109.1875
1773859680.5778112,-4.8125,-3.4126,-2.1375,-2.9497,-2.3499,703.5999,109.3438
1773859680.903232,-5.3496,-2.8438,-2.1687,-2.5371,-1.6311,703.5125,108.8003
1773859681.229177,-5.1934,-3.4314,-1.9812,-2.4624,-1.6687,702.8313,108.7378
1773859681.5545933,-4.6436,-3.3252,-1.7937,-2.2622,-1.9937,703.2810,108.6250
1773859681.882629,-4.6934,-2.6626,-1.5876,-2.2686,-2.1123,701.8562,107.7876
1773859682.2083955,-4.8496,-3.9688,-1.8875,-2.2871,-2.0061,702.0935,108.0439
1773859682.533068,-4.7559,-3.7500,-2.3813,-2.8623,-1.9124,701.4124,107.8438
1773859682.8586986,-5.0435,-3.5876,-1.6375,-2.4434,-2.1187,701.0686,107.5938
1773859683.1855962,-5.1621,-3.6125,-1.3750,-3.0811,-1.3374,700.2688,106.7749
1773859683.5121186,-5.4688,-3.8438,-1.8938,-2.7124,-2.2312,699.6624,106.4189
1773859683.8373358,-4.8438,-3.4626,-1.9939,-2.1875,-2.1250,699.3250,106.1753
1773859684.1642466,-4.5249,-2.6064,-1.7813,-2.9312,-1.9873,699.1125,105.6250
1773859684.4899497,-5.2124,-3.6938,-2.4126,-2.8438,-1.8999,698.3562,104.5503
1773859684.815469,-5.1563,-3.8813,-2.1001,-2.3496,-2.0374,697.5999,104.4253
1773859685.1413825,-5.0435,-3.4314,-1.7500,-2.6060,-2.0186,697.3689,103.7437
1773859685.469146,-4.6563,-3.5876,-1.3625,-2.5625,-1.8875,696.2498,103.0190
1773859685.7938526,-5.5498,-3.1501,-1.9001,-2.5435,-2.1687,695.4436,102.3188
1773859686.1198113,-5.4063,-3.3813,-1.6501,-2.7813,-2.2000,695.3000,101.2002
1773859686.4466178,-5.2749,-2.5938,-1.5000,-2.2310,-1.5625,694.6624,100.4878
1773859686.772283,-5.0249,-3.6250,-2.0564,-2.3062,-2.1875,694.2688,99.5313
1773859687.097725,-4.7813,-3.3252,-1.8125,-2.7813,-1.7749,693.1936,99.2188
1773859687.4236686,-4.8687,-3.8877,-1.5188,-2.5684,-1.7686,692.9998,97.9253
1773859687.7507887,-5.1123,-3.9126,-2.4314,-3.0059,-1.9749,692.6814,97.1377
1773859688.0770586,-5.1250,-3.5564,-1.9438,-2.8247,-2.1875,692.1936,96.5503
1773859688.4022975,-5.0996,-3.5752,-2.2688,-2.3247,-2.0562,691.2498,94.9878
1773859688.7279146,-4.9312,-3.2251,-2.3562,-2.2749,-2.0498,690.5623,93.5938
1773859689.0552778,-5.1621,-3.7939,-2.1501,-2.5059,-2.1187,690.3313,93.1440
1773859689.380613,-5.1748,-3.9438,-1.5750,-2.3247,-1.8875,690.0125,91.8125
1773859689.7062774,-5.0747,-3.3938,-1.5625,-2.6934,-2.0498,689.2375,90.4126
1773859690.0328317,-5.4248,-2.7563,-1.8750,-2.6997,-2.5874,688.8689,89.5938
1773859690.359243,-5.3374,-3.6563,-2.0625,-2.6060,-2.0000,688.1438,87.7690
1773859690.6846168,-5.1309,-3.9063,-2.4438,-2.1621,-1.8687,687.7751,87.6064
1773859691.0099678,-5.0625,-3.7375,-2.3625,-2.7061,-2.0750,687.0500,85.4751
1773859691.336881,-4.8999,-4.0876,-1.9812,-2.4185,-2.2686,686.0686,83.9688
1773859691.6629393,-5.0249,-3.6313,-1.7000,-2.7373,-2.3623,685.6750,83.2251
1773859691.9887094,-5.1436,-3.3564,-2.4250,-2.4248,-2.2437,685.3875,82.2627
1773859692.3159025,-5.4497,-3.8313,-1.9063,-2.3311,-1.9937,685.0935,80.1001
1773859692.6424468,-5.3496,-4.0752,-1.9875,-2.2373,-2.4688,684.6873,78.6187
1773859692.9677494,-4.8936,-4.0625,-2.1062,-2.7246,-2.2188,684.4001,77.3628
1773859693.2931278,-5.4497,-3.5938,-2.3813,-2.8936,-1.9812,683.4939,75.7563
1773859693.6204567,-5.5249,-4.0564,-1.7439,-2.7246,-2.2373,683.0188,74.0625
1773859693.9461167,-4.3809,-3.7314,-1.9438,-2.7998,-2.3250,682.4812,72.5562
1773859694.2718325,-5.6372,-3.4001,-1.8438,-2.1060,-2.1812,681.6062,71.2813
1773859694.5974593,-5.3809,-4.1064,-2.6814,-2.5186,-2.1375,681.3811,69.7813
1773859694.9246218,-5.0684,-4.0500,-2.2063,-2.9312,-2.1250,680.9373,67.9565
1773859695.2503154,-4.7935,-3.3501,-1.7188,-2.8247,-2.0750,680.1189,66.7749
1773859695.577368,-5.0996,-3.0188,-2.1501,-2.3623,-2.1936,680.0686,65.2378
1773859695.9033768,-5.3062,-3.7063,-2.0125,-2.5684,-2.3750,679.8562,63.2690
1773859696.229253,-4.9497,-3.6438,-2.4626,-3.1184,-2.3125,678.9875,61.7500
1773859696.5548377,-5.0562,-3.6313,-2.2876,-2.7871,-2.0938,678.8689,60.2749
1773859696.8802817,-5.0000,-3.9814,-2.3501,-2.9185,-2.1499,678.1750,58.0376
1773859697.2077157,-5.3125,-3.8313,-1.8813,-2.8936,-2.3186,677.9998,55.9126
1773859697.5330362,-5.3311,-3.4814,-1.8875,-2.8687,-1.9688,676.7312,54.3252
1773859697.859937,-4.9561,-2.5625,-1.8501,-2.5498,-2.1812,676.9314,53.3188
1773859698.1858997,-5.7749,-4.0376,-1.5437,-2.8687,-2.1812,676.4250,51.2437
1773859698.5116065,-4.4561,-2.7439,-1.7937,-2.7622,-2.5061,676.3938,49.0752
1773859698.8374486,-5.4937,-4.0000,-2.0938,-3.0623,-1.8499,675.9187,47.1626
1773859699.1627965,-5.7500,-3.5876,-2.3938,-2.5059,-1.7625,675.0374,45.1440
1773859699.4896712,-4.8496,-3.1626,-2.3125,-2.6685,-1.8750,674.4939,43.1250
1773859699.8156962,-5.1499,-2.8938,-2.1750,-2.8560,-2.3062,674.2751,40.9624
1773859700.1411147,-5.4497,-3.4001,-2.5063,-2.6997,-1.9749,674.2063,39.0688
1773859700.4668896,-4.9185,-4.0313,-2.0437,-2.8311,-1.6748,673.8250,37.5688
1773859700.794225,-5.4248,-3.5752,-2.1001,-2.3560,-2.5249,672.6687,35.1626
1773859701.11944,-5.2998,-3.7939,-2.3250,-2.9185,-2.5249,672.5623,33.3315
1773859701.445027,-5.5371,-3.7439,-2.1563,-3.3311,-2.2373,672.1189,31.1499
1773859701.7725077,-4.7310,-3.4502,-1.9626,-3.0811,-2.1187,671.6311,29.1753
1773859702.0972683,-4.7559,-4.2939,-2.1563,-2.5996,-2.2937,671.3376,27.5562
1773859702.4231417,-5.4688,-3.8501,-1.9688,-2.7500,-2.3374,671.4998,25.1812
1773859702.7488067,-5.4248,-2.3689,-1.9187,-2.5371,-2.1499,671.1311,23.3687
1773859703.0757864,-5.2061,-3.4688,-2.1438,-2.4248,-2.1436,670.5999,21.4438
1773859703.4010994,-5.3247,-3.5688,-1.8313,-2.9312,-2.0686,670.1062,18.8315
1773859703.7272298,-5.1187,-3.9875,-2.1438,-2.8999,-2.0562,669.5935,16.6753
1773859704.0540204,-5.4434,-3.8438,-1.8625,-2.9434,-2.5000,669.6624,13.8940
1773859704.3797095,-4.9810,-3.5813,-2.4626,-2.9185,-2.5313,669.3499,12.7563
1773859704.706053,-5.4810,-3.6814,-2.3689,-2.7124,-2.4436,668.6560,10.1187
1773859705.0307715,-5.4434,-3.7500,-1.7500,-3.1934,-2.3499,668.2126,8.0752
1773859705.3579185,-5.5249,-4.0625,-2.4751,-2.8936,-2.4688,667.6873,5.8374
1773859705.6835039,-4.9937,-3.8813,-2.3625,-2.7998,-2.3875,667.4685,3.9688
1773859706.0093365,-5.6997,-3.9688,-1.7312,-2.8062,-2.4812,667.6814,0.8877
1773859706.3348231,-5.5747,-3.8750,-1.2625,-3.0247,-1.8562,666.8376,-1.2061
1773859706.6622314,-4.7188,-3.4626,-1.8376,-2.5186,-2.3374,666.4124,-3.4497
1773859706.9870431,-4.9688,-3.9438,-1.9688,-2.4688,-2.1875,666.4373,-5.8438
1773859707.3129013,-4.7246,-4.0625,-1.8625,-2.3560,-2.4500,666.2126,-8.0186
1773859707.6398966,-5.0625,-3.7002,-2.0376,-3.2622,-2.1250,666.1687,-10.0562
1773859707.9657862,-5.2998,-4.0688,-1.2876,-3.1248,-2.2625,665.8875,-12.3936
1773859708.291565,-5.5435,-3.0625,-2.2063,-3.0996,-2.3687,665.0750,-15.0249
1773859708.61718,-4.9434,-4.0063,-1.7751,-2.8247,-2.6250,665.0061,-16.9937
1773859708.9439476,-5.6563,-3.6875,-1.8750,-2.9497,-2.5000,664.5188,-19.7251
1773859709.2693868,-5.2124,-4.4063,-2.1501,-2.6123,-2.0061,664.1501,-21.9375
1773859709.5951908,-5.6621,-3.8125,-2.6375,-2.7749,-2.5750,663.8499,-24.0122
1773859709.9216433,-5.8374,-4.4189,-2.4001,-3.0872,-2.1687,663.8123,-26.3062
1773859710.247732,-5.7437,-4.0688,-1.9626,-2.9934,-2.4812,663.8313,-28.8188
1773859710.5731514,-5.7124,-4.0313,-2.4626,-2.9063,-2.3936,663.2063,-31.1313
1773859710.8983457,-5.0747,-4.0313,-2.1938,-3.0996,-2.1436,663.3499,-33.7188
1773859711.2259946,-5.3687,-4.1814,-2.3501,-3.0186,-2.5686,661.9749,-35.9438
1773859711.5502791,-5.6309,-4.0500,-2.4875,-3.2559,-2.5874,662.4875,-38.8188
1773859711.8767142,-5.7437,-4.3438,-2.2375,-3.0371,-2.5061,662.4001,-40.7061
1773859712.2024653,-5.8999,-3.8564,-2.0876,-2.3999,-1.8186,662.3186,-43.3687
1773859712.5300815,-5.0371,-3.6814,-2.3501,-2.9810,-2.0000,661.8064,-45.1250
1773859712.8551266,-5.4121,-3.8252,-2.0688,-2.7437,-2.2686,661.1248,-48.6313
1773859713.1807365,-5.5000,-3.1875,-2.0251,-3.1809,-2.2874,660.7439,-50.4126
1773859713.5076602,-4.8247,-4.2876,-2.2439,-3.0186,-1.9937,660.7000,-53.2876
1773859713.8335238,-5.4497,-3.7251,-1.5437,-2.6563,-2.4248,660.6814,-55.4063
1773859714.1590269,-5.7124,-3.5000,-2.3875,-2.6309,-2.6936,660.7000,-57.8438
1773859714.4844759,-5.2061,-4.1750,-2.8064,-3.0186,-2.2625,660.1125,-60.1997
1773859714.812101,-5.5313,-4.0688,-2.5437,-2.9434,-2.1311,660.2439,-62.5376
1773859715.1373253,-5.7188,-3.4063,-2.0688,-2.6997,-2.0999,659.5686,-64.9937
1773859715.462522,-5.6060,-3.7688,-2.2813,-2.5000,-2.4561,659.5374,-67.1563
1773859715.7896273,-5.4810,-4.1689,-2.7063,-3.3560,-1.9873,659.5061,-69.9063
1773859716.1153646,-5.7310,-4.0313,-2.3938,-3.2310,-2.2937,658.7937,-72.3750
1773859716.4408724,-5.3750,-3.0376,-1.8125,-2.7188,-2.5061,658.6248,-74.7686
1773859716.766788,-5.4185,-4.2439,-2.5376,-2.7124,-2.5061,657.8376,-78.0186
1773859717.0946724,-5.5747,-4.1501,-2.4563,-2.4746,-2.1748,658.1189,-79.8374
1773859717.41927,-5.8872,-4.3125,-2.5938,-3.0872,-2.5249,657.8689,-81.6875
1773859717.7454507,-6.0122,-3.9875,-2.2625,-2.1997,-2.7749,658.2126,-84.5874
1773859718.0706496,-6.1748,-4.1689,-1.9063,-2.4624,-2.3811,657.8938,-86.6060
1773859718.3978765,-5.6187,-4.3438,-1.7937,-2.8496,-2.1250,658.1501,-89.1123
1773859718.7232041,-5.5371,-4.2375,-2.5876,-3.1934,-2.0249,657.4563,-91.8999
1773859719.0486526,-5.6436,-4.0625,-2.5251,-3.3123,-2.6875,657.9563,-94.6748
1773859719.3756754,-5.9063,-4.2188,-1.7063,-2.6250,-2.5686,657.1062,-97.1123
1773859719.7011838,-5.5684,-3.9189,-2.0813,-3.5310,-2.8687,657.2751,-99.5498
1773859720.0267756,-5.7749,-4.1750,-2.2751,-2.8623,-2.0125,656.7625,-101.8687
1773859720.3523653,-5.6123,-4.5500,-2.4939,-2.7061,-2.6624,656.7000,-103.5562
1773859720.679693,-5.8184,-3.3188,-2.6938,-3.3748,-2.2561,656.7375,-106.1997
1773859721.0052133,-5.9688,-3.8750,-2.2937,-2.7500,-2.7061,656.3562,-108.7998
1773859721.330811,-5.8438,-3.5439,-1.8625,-2.9312,-2.3186,656.8250,-111.3623
1773859721.657659,-5.4063,-3.9314,-2.0437,-3.1685,-2.2373,656.0876,-114.6001
1773859721.9833887,-5.5313,-4.3313,-1.9875,-2.9121,-2.5750,656.0935,-116.9751
1773859722.3092768,-5.8062,-3.8438,-2.2251,-3.0996,-2.2937,656.2751,-118.7998
1773859722.634767,-5.5059,-4.2813,-2.6501,-2.6499,-2.6936,656.5437,-120.7061
1773859722.9621933,-5.5000,-4.1563,-2.5876,-2.8750,-2.4312,656.2688,-123.6626
1773859723.2880673,-5.3872,-4.0876,-2.5376,-2.4624,-2.6748,655.8875,-126.0435
1773859723.6129727,-5.1748,-3.7251,-2.5688,-3.2246,-2.2437,655.7688,-128.7935
1773859723.938457,-5.5000,-4.1250,-2.7188,-3.2686,-2.6563,653.4685,-132.9810
1773859724.2664497,-6.0435,-4.5188,-2.2813,-3.1934,-2.5374,654.0437,-135.2437
1773859724.5912135,-5.7437,-4.1938,-1.8938,-3.0996,-2.0750,653.7937,-137.6997
1773859724.9167473,-6.2622,-4.2751,-2.4626,-2.6997,-2.5061,653.4626,-139.9624
1773859725.2441285,-5.8062,-4.4751,-1.9812,-3.1184,-2.0000,653.7185,-142.2437
1773859725.5693855,-5.8062,-4.7751,-1.6687,-3.1997,-2.5938,652.9626,-144.2500
1773859725.895182,-5.4375,-4.5439,-1.8689,-3.2310,-2.8374,652.6438,-147.6875
1773859726.2208393,-6.4063,-4.1938,-2.6875,-3.0247,-2.5625,653.5125,-149.6123
1773859726.5480845,-5.8809,-4.2813,-2.3938,-2.9375,-2.2937,652.6311,-151.8374
1773859726.8732457,-5.9434,-4.7813,-2.5938,-3.4685,-2.5750,652.8250,-154.2622
1773859727.1994824,-5.4810,-4.2314,-2.0876,-3.2559,-2.3750,652.9998,-156.4248
1773859727.5261326,-5.3374,-4.1001,-2.2751,-2.4497,-2.1936,652.6624,-158.5874
1773859727.8520527,-5.7622,-3.7439,-1.6250,-3.5435,-2.2000,652.9001,-161.3435
1773859728.1777449,-6.0874,-4.4563,-2.0063,-3.2559,-2.6563,652.3250,-163.5061
1773859728.5030198,-5.7559,-4.4063,-2.4001,-3.5498,-2.5249,652.7561,-165.9998
1773859728.8308153,-5.7622,-3.9814,-2.2188,-3.0310,-2.4063,652.7625,-168.7310
1773859729.1563303,-5.6997,-3.7314,-2.9688,-3.2747,-2.1936,651.9939,-170.6436
1773859729.481745,-5.8311,-3.7500,-2.2813,-3.3872,-2.6563,652.6936,-173.4060
1773859729.8071218,-5.7310,-4.4751,-2.6814,-2.9685,-2.3499,652.1311,-175.9312
1773859730.1337724,-5.5313,-4.4751,-2.5251,-3.3372,-2.3811,652.1936,-177.9937
1773859730.4605982,-5.4375,-4.3564,-1.9314,-3.1934,-2.5562,652.1814,-180.1123
1773859730.7856348,-5.9312,-4.6064,-2.9375,-2.9375,-2.6436,652.2249,-182.0249
1773859731.1129637,-5.7188,-3.9250,-2.2251,-3.0811,-2.5938,651.6936,-184.9810
1773859731.4385355,-4.8438,-4.2188,-2.6313,-3.1685,-2.3311,652.1687,-186.8560
1773859731.7641165,-5.3999,-4.3188,-2.1626,-3.3936,-2.5125,652.2688,-189.1936
1773859732.0897734,-5.6748,-4.0564,-2.2688,-2.9810,-2.3311,651.8435,-190.8560
1773859732.4173405,-5.9937,-4.0564,-2.1501,-2.8125,-1.9124,652.4060,-193.8374
1773859732.7429538,-5.2500,-4.0564,-2.3689,-3.1497,-2.0000,652.6501,-195.3560
1773859733.0687454,-5.5371,-4.2688,-2.5125,-2.9121,-2.9749,652.2000,-198.2249
1773859733.3959754,-6.4746,-3.9314,-2.7063,-3.5498,-2.1875,652.4626,-200.0249
1773859733.7210424,-5.7061,-3.9001,-2.6062,-3.3623,-2.7625,651.7561,-202.7998
1773859734.0463762,-5.5996,-3.5439,-2.3750,-3.6060,-2.4937,651.9939,-204.4060
1773859734.3718946,-5.9434,-4.0000,-2.4001,-3.2246,-2.8062,651.5188,-207.0310
1773859734.6990187,-6.1685,-4.3252,-2.1062,-3.3247,-2.8311,652.0061,-209.4373
1773859735.024965,-6.1875,-4.3877,-2.3750,-3.0872,-2.1499,651.2312,-211.6248
1773859735.350684,-5.6875,-4.7439,-2.1501,-3.1184,-2.3062,651.7375,-213.6560
1773859735.6762984,-5.9561,-3.8813,-2.4626,-3.0811,-2.6499,651.1687,-217.0874
1773859736.0022852,-5.4688,-4.4875,-2.7688,-3.6685,-2.4187,651.7498,-218.8374
1773859736.3284874,-5.9063,-4.4751,-2.3689,-3.4497,-2.6311,651.1438,-220.8936
1773859736.654642,-6.0313,-4.0752,-2.1626,-3.1497,-2.7561,651.2498,-222.0811
1773859736.9814594,-5.6685,-4.3376,-2.4250,-3.1621,-2.9937,652.1501,-223.9749
1773859737.3073683,-5.8311,-3.7126,-2.4250,-3.2310,-2.6187,652.3250,-226.2749
1773859737.6326315,-6.0186,-4.1501,-2.3313,-2.4375,-2.5874,652.3811,-227.6748
1773859737.9582555,-6.1499,-4.2876,-1.9875,-2.9375,-2.8875,652.5935,-230.4373
1773859738.2854025,-6.0498,-4.0938,-2.6313,-3.0747,-2.4312,652.2937,-232.4937
1773859738.6113508,-6.4063,-4.7500,-2.3875,-3.4622,-2.7437,652.6814,-234.7935
1773859738.9363725,-5.8809,-4.3625,-2.5125,-3.7185,-3.1250,653.3499,-236.5811
1773859739.2637823,-6.0938,-4.3689,-2.2937,-2.6748,-2.9937,653.2063,-238.2998
1773859739.5887494,-6.3062,-4.4502,-2.3938,-2.9561,-2.5249,652.9939,-240.7686
1773859739.9148486,-5.7437,-4.5063,-2.4875,-3.5059,-2.9624,652.7063,-242.5623
1773859740.2416983,-6.0435,-4.2251,-1.9939,-3.2246,-2.4873,652.5251,-244.3687
1773859740.5676353,-5.8750,-4.0376,-2.2126,-3.1372,-2.3186,653.1624,-245.1187
1773859740.8935106,-6.2813,-4.1438,-1.8750,-3.2310,-2.7686,653.0251,-247.7874
1773859741.21885,-5.9937,-4.0127,-2.2312,-3.0996,-2.7874,652.9314,-249.6685
1773859741.5433903,-5.7310,-4.3938,-2.3250,-3.3496,-2.7000,652.9749,-251.6060
1773859741.8719993,-5.8184,-4.5752,-2.6750,-3.0371,-2.4812,653.2126,-253.8748
1773859742.1970062,-6.1060,-4.2876,-2.5063,-3.5122,-2.8374,653.7375,-255.5310
1773859742.5226514,-5.9248,-4.5876,-2.4939,-2.8496,-2.4312,653.1873,-257.1936
1773859742.849872,-5.6685,-4.6250,-2.9126,-2.9375,-2.4312,653.5564,-259.3936
1773859743.1759863,-6.2188,-4.5313,-2.4500,-2.9622,-2.9187,653.3435,-260.9937
1773859743.5010936,-6.3311,-4.2751,-2.9250,-2.8496,-2.4187,653.3875,-263.0686
1773859743.82686,-5.9248,-4.1001,-2.3625,-3.2061,-2.3623,653.9373,-264.7622
1773859744.153556,-5.7622,-4.2563,-2.6875,-3.1809,-2.7312,653.7063,-266.3435
1773859744.4789438,-5.7871,-4.6001,-2.5313,-3.3748,-2.5437,653.1248,-268.0811
1773859744.8048587,-6.0313,-4.5439,-2.3813,-3.4185,-2.7500,653.2937,-270.0249
1773859745.1314232,-5.7061,-3.2375,-1.8750,-3.1809,-2.7061,653.2498,-271.9561
1773859745.4574604,-5.9561,-4.4250,-2.3750,-3.4873,-2.6250,653.7688,-273.7249
1773859745.782968,-6.2124,-4.9438,-2.3376,-2.2998,-2.6812,653.8123,-275.1560
1773859746.1090882,-6.0811,-4.6501,-2.5000,-3.0059,-3.2625,653.8250,-276.9937
1773859746.4356914,-5.9624,-4.4375,-2.3562,-3.2686,-2.8687,654.4060,-278.7935
1773859746.7615314,-5.7437,-4.0813,-2.0063,-3.3623,-2.8875,654.3689,-279.7622
1773859747.0870254,-5.5625,-4.3313,-2.7251,-3.5435,-2.6936,654.2937,-281.7874
1773859747.4126089,-5.7935,-4.0500,-2.9187,-3.0371,-2.8438,654.6375,-283.1997
1773859747.7398489,-5.8809,-4.5376,-2.3813,-3.1309,-2.7998,654.8186,-284.7686
1773859748.065735,-5.3623,-4.7627,-2.4875,-3.8997,-2.7937,655.2498,-286.6436
1773859748.3908978,-5.5371,-4.7439,-2.4500,-3.0371,-2.9812,654.9812,-288.3123
1773859748.7190375,-5.8438,-3.9939,-2.8689,-3.2871,-2.9937,654.9939,-289.5747
1773859749.0438697,-5.6997,-4.5127,-2.5313,-3.1560,-2.7373,654.5061,-291.5999
1773859749.3699641,-6.3560,-3.9126,-2.5500,-3.3372,-2.5938,655.7312,-292.5811
1773859749.6955547,-5.5371,-3.9814,-2.1875,-3.4685,-3.0437,654.8123,-293.5122
1773859750.0223694,-5.4937,-4.3564,-2.5063,-3.4185,-2.9063,656.3123,-294.2749
1773859750.3480468,-5.8496,-4.2627,-2.4875,-3.0996,-2.7749,659.3376,-291.7622
1773859750.673466,-6.3999,-4.2314,-2.8625,-3.3059,-2.7749,663.5813,-290.3123
1773859751.000608,-5.8062,-4.4375,-2.5437,-3.1436,-2.8125,662.1248,-292.5249
1773859751.3261428,-5.6060,-4.4751,-2.4001,-3.7246,-2.7312,655.8123,-301.7185
1773859751.6519065,-5.6685,-4.4751,-2.5625,-3.4934,-2.7373,656.5935,-302.3247
1773859751.9763467,-6.0938,-4.7314,-2.0000,-3.2185,-2.6123,656.6125,-303.9436
1773859752.3034022,-6.2246,-4.6001,-2.6687,-3.2747,-2.4500,656.7810,-306.6372
1773859752.6295075,-6.2686,-3.9626,-2.6750,-3.2998,-2.9312,656.4812,-307.3623
1773859752.9560368,-6.1812,-4.1438,-2.5188,-3.4561,-2.8623,657.2625,-307.8811
1773859753.2814715,-6.0938,-3.9438,-3.3501,-3.6560,-2.5874,657.7185,-308.4873
1773859753.6090574,-5.8247,-4.7375,-1.9751,-3.2747,-2.3999,657.4500,-310.1436
1773859753.9345007,-6.0684,-4.0251,-2.7439,-3.3872,-2.8811,656.3376,-314.2998
1773859754.2601156,-5.7998,-4.2813,-2.7439,-3.0935,-2.3687,645.8376,-326.9373
1773859754.58743,-5.3496,-3.6938,-2.4187,-3.0122,-2.2188,626.6687,-338.8374
1773859754.9131837,-5.6812,-4.4502,-2.1375,-3.0435,-2.3999,630.5935,-334.4937
1773859755.2388756,-5.0435,-3.8938,-2.3875,-3.3496,-2.6875,628.7126,-350.5122
1773859755.565018,-5.7871,-4.0313,-1.8689,-3.0811,-2.0999,615.7000,-370.4312
1773859755.8919408,-6.0371,-4.2188,-2.0625,-2.9434,-2.5811,616.0750,-382.7686
1773859756.217285,-6.0186,-4.4563,-2.3501,-3.2559,-2.3438,614.8123,-385.4749
1773859756.5429144,-5.8247,-4.0127,-1.7625,-3.3247,-2.3311,614.7498,-387.2124
1773859756.8705664,-5.0371,-4.3376,-2.2439,-2.9873,-1.7813,614.7688,-390.8560
1773859757.195766,-5.5625,-4.1250,-2.5813,-3.1621,-2.3811,613.7126,-393.4497
1773859757.5214996,-5.6621,-3.7126,-2.0437,-2.5435,-2.1687,614.5125,-396.1248
1773859757.847296,-5.0811,-4.3625,-2.4939,-3.4185,-2.4561,614.3250,-398.2622
1773859758.1753259,-5.6499,-4.1563,-2.1938,-3.1497,-2.6499,614.7126,-401.1123
1773859758.5000095,-5.7188,-4.2251,-2.5437,-3.2686,-2.9124,614.7561,-401.8623
1773859758.8255777,-5.8062,-4.2002,-2.5251,-3.5935,-2.6187,616.3689,-401.8311
1773859759.1515205,-6.0996,-4.2314,-2.6938,-3.3936,-2.6499,617.1814,-403.0186
1773859759.4782271,-6.0249,-4.3313,-2.1438,-2.7935,-2.5811,620.3123,-398.7249
1773859759.8043892,-5.8247,-4.8064,-2.1375,-3.0498,-2.6748,619.8748,-401.1248
1773859760.1297097,-5.8438,-4.2314,-1.9314,-2.8496,-2.2312,619.0061,-404.1624
1773859760.4572272,-5.7310,-2.8188,-1.7876,-3.1997,-2.4248,618.2185,-407.2373
1773859760.7822385,-5.4063,-4.5688,-2.4500,-3.4060,-2.4124,618.6936,-409.7810
1773859761.108054,-5.4497,-3.8938,-2.9063,-3.0747,-2.3250,617.1189,-413.0874
1773859761.4341922,-5.6812,-4.1189,-2.4063,-2.7559,-1.9187,617.0437,-415.8999
1773859761.760792,-5.3496,-3.9375,-2.4375,-2.8438,-1.9873,616.3875,-418.6624
1773859762.0863857,-5.9561,-4.1001,-2.3313,-2.8247,-2.6187,615.6062,-420.0747
1773859762.4116983,-5.6748,-3.9875,-2.3562,-3.0122,-2.7500,615.7439,-423.1624
1773859762.7385695,-5.4746,-4.2188,-2.4001,-3.5872,-2.1563,614.8064,-425.7437
1773859763.06429,-5.4688,-4.2563,-2.4001,-2.7246,-2.8999,614.3625,-427.5562
1773859763.3907974,-5.2871,-4.0876,-2.6501,-2.9746,-2.3687,614.8938,-430.3435
1773859763.7162294,-6.0747,-4.3813,-2.4500,-3.4434,-2.4500,614.0374,-431.7561
1773859764.042174,-5.2437,-4.6313,-2.6501,-3.3936,-2.5061,613.4060,-434.3748
1773859764.3683717,-5.4746,-4.3750,-2.7500,-2.9998,-2.7437,613.2249,-435.5310
1773859764.6943717,-5.5498,-4.2439,-2.0063,-3.0186,-2.0437,606.9875,-448.2874
1773859765.0198038,-5.6621,-4.2500,-2.1438,-3.0059,-1.9937,606.7561,-449.4436
1773859765.3471735,-5.5625,-4.1001,-2.1501,-3.2935,-2.3186,606.8875,-451.6248
1773859765.6729994,-5.9063,-3.9626,-2.4812,-3.3059,-2.2749,607.0564,-453.3374
1773859765.9981394,-5.6187,-3.8501,-2.0251,-3.2935,-2.1687,606.6189,-455.3499
1773859766.3254492,-5.5371,-4.3064,-1.9875,-2.9121,-2.5249,605.5437,-458.4685
1773859766.6509326,-5.9121,-4.7375,-2.3813,-2.9375,-2.0874,605.3435,-460.6123
1773859766.9764469,-4.7813,-4.2126,-2.2751,-3.1497,-2.2500,604.7625,-463.3687
1773859767.3026783,-5.3184,-4.3252,-1.5251,-3.3435,-2.2373,603.2625,-466.4124
1773859767.6297603,-5.2188,-2.6750,-2.3250,-2.8999,-2.5061,602.5999,-469.5623
1773859767.9547222,-5.3311,-4.6626,-3.0125,-3.1560,-2.0000,601.4500,-472.5935
1773859768.2797859,-5.5747,-4.2813,-2.4187,-3.0310,-2.6311,600.3000,-475.0249
1773859768.6071482,-5.8750,-4.6250,-2.4500,-3.1934,-2.3936,599.5251,-478.8748
1773859768.9324107,-6.0562,-4.5188,-2.7937,-3.3372,-2.2874,598.8000,-480.5374
1773859769.2586842,-5.3374,-4.0188,-2.2688,-2.7686,-2.2561,598.9436,-482.5562
1773859769.5856888,-4.8750,-4.6563,-2.0376,-3.4561,-2.2813,598.3689,-484.7061
1773859769.9124742,-5.0874,-4.4001,-2.6750,-2.9810,-2.1375,598.1936,-487.0874
1773859770.2384953,-5.1997,-4.1875,-2.2625,-3.0498,-2.0313,597.8186,-490.1812
1773859770.5637624,-5.5186,-4.1064,-1.9751,-2.9121,-2.6250,597.3499,-492.1936
1773859770.8888075,-5.4185,-4.4375,-2.7063,-3.4309,-2.1375,596.5750,-494.7749
1773859771.2160175,-5.7998,-3.1064,-2.0063,-2.8438,-2.7061,596.1873,-496.9185
1773859771.5422592,-5.9873,-4.5938,-2.5500,-3.1123,-2.4937,595.8562,-499.4373
1773859771.867902,-5.3062,-4.3125,-1.8875,-2.8872,-2.0686,595.2561,-501.7249
1773859772.1944938,-5.4873,-3.8376,-2.3000,-3.2061,-1.9749,594.9500,-503.8374
1773859772.520643,-4.7813,-3.8376,-2.7813,-3.3997,-2.5938,594.4436,-505.2998
1773859772.844769,-5.2373,-4.4375,-1.9126,-2.9561,-2.6687,593.1624,-507.5374
1773859773.171899,-5.5562,-4.2500,-2.6250,-2.9746,-2.1748,593.5125,-510.5747
1773859773.498677,-5.3247,-4.5876,-2.6125,-2.8062,-1.9624,593.5750,-511.9937
1773859773.8242593,-5.2437,-4.2251,-2.9375,-2.7246,-2.3186,593.0876,-513.1311
1773859774.150049,-5.3936,-4.0127,-2.2312,-3.3496,-2.1875,592.8562,-515.3811
1773859774.4771001,-5.6436,-4.5188,-1.8438,-2.9685,-2.0498,592.4749,-518.5122
1773859774.8033202,-5.4375,-4.3313,-2.4126,-2.9998,-2.5125,591.4373,-519.8062
1773859775.1283321,-5.4121,-3.7188,-1.8125,-2.9746,-2.1311,592.3250,-520.1560
1773859775.4543588,-5.5435,-4.7876,-2.3000,-3.3372,-2.2625,591.5500,-522.0498
1773859775.7813363,-4.8999,-3.9189,-2.1875,-3.1060,-2.1687,590.3748,-525.3499
1773859776.1073368,-5.9497,-4.3689,-1.8188,-3.4060,-1.8999,590.2249,-527.0435
1773859776.4332454,-5.0371,-4.0376,-2.0750,-3.0435,-1.9688,589.8811,-528.9810
1773859776.758268,-5.6187,-3.7627,-2.5376,-3.3496,-2.3125,590.3435,-529.7498
1773859777.0863261,-4.9624,-4.4063,-2.3313,-3.3247,-1.7312,589.7063,-532.0999
1773859777.4110107,-5.4375,-4.2627,-1.7188,-2.8125,-2.3936,588.8186,-533.7185
1773859777.7374198,-4.9746,-4.3501,-2.3188,-3.4060,-1.9937,588.0750,-535.8999
1773859778.0638542,-5.7437,-4.2126,-2.3000,-3.1060,-2.1250,587.9250,-537.5747
1773859778.3893907,-5.2500,-4.2063,-1.9438,-3.1497,-2.2188,587.2625,-539.1873
1773859778.714857,-4.8184,-4.7813,-1.8813,-3.3059,-1.6311,587.3435,-540.7437
1773859779.0406728,-5.6436,-4.6125,-2.2500,-3.2122,-1.8623,586.9875,-542.7935
1773859779.3675394,-5.0249,-3.7688,-2.5063,-3.1372,-1.9187,586.9436,-544.3499
1773859779.693299,-5.1997,-4.5876,-2.5625,-3.0122,-2.2813,586.2312,-546.0186
1773859780.0193532,-5.6563,-4.1064,-2.1501,-2.9434,-2.3125,585.9939,-547.6123
1773859780.3461578,-5.2373,-4.5625,-1.6062,-2.9873,-2.0750,585.4001,-549.3560
1773859780.6719143,-5.0059,-4.4563,-1.5876,-2.9121,-2.0811,585.4685,-550.6812
1773859780.9974973,-5.4937,-4.3501,-2.4063,-3.1685,-1.9500,584.9060,-552.3123
1773859781.3228564,-5.0000,-4.2688,-2.5813,-3.0747,-2.1875,584.7810,-553.6436
1773859781.6504135,-5.3438,-4.0439,-2.7500,-2.6060,-2.3499,584.6248,-555.9312
1773859781.9759154,-5.6499,-4.2688,-2.5251,-3.0747,-1.5562,583.9998,-556.2686
1773859782.302188,-5.5059,-4.1313,-2.3813,-2.9810,-1.9375,583.8499,-558.2561
1773859782.627204,-5.2935,-4.1689,-2.3438,-2.9622,-1.8936,583.5686,-559.8435
1773859782.954412,-5.7686,-4.6563,-1.5376,-3.2747,-1.8623,582.8625,-560.6812
1773859783.2799108,-5.4375,-4.5625,-2.3938,-2.9998,-1.8311,583.4749,-561.7498
1773859783.6057475,-5.5186,-4.4626,-1.9438,-2.5747,-2.0061,582.7561,-563.2249
1773859783.933298,-5.5811,-4.7627,-2.6501,-3.1685,-1.8936,582.2000,-564.6372
1773859784.258671,-5.2749,-4.2314,-1.9875,-3.1934,-2.2749,582.5188,-566.2998
1773859784.5840986,-5.5562,-4.0625,-2.1938,-2.8687,-2.4812,581.8748,-567.8374
1773859784.909917,-5.4375,-4.0688,-2.2625,-2.8496,-1.7625,581.5125,-569.4749
1773859785.2370043,-5.1250,-3.6689,-2.3562,-3.0122,-1.7874,580.7063,-570.6248
1773859785.562458,-5.5747,-4.5063,-2.2500,-2.4312,-2.0750,580.4373,-571.3311
1773859785.8874493,-5.2871,-4.3313,-1.9314,-3.4373,-2.0000,580.0999,-572.7310
1773859786.2157514,-6.1250,-4.1938,-2.1750,-2.8374,-1.8186,579.8938,-573.7686
1773859786.541294,-5.2188,-3.2314,-1.9939,-2.5747,-2.2188,580.6189,-574.5061
1773859786.8672957,-5.1309,-4.2500,-1.7251,-2.9873,-2.2998,580.4875,-575.6685
1773859787.192278,-5.0562,-4.1313,-2.4438,-2.9685,-2.0811,579.9749,-577.0874
1773859787.5193503,-5.5625,-4.2500,-2.3750,-2.9998,-1.7937,579.3186,-578.2373
1773859787.845349,-5.0562,-4.2126,-2.4563,-3.1560,-1.9500,579.1062,-579.2373
1773859788.1709077,-5.4688,-3.9502,-1.3313,-2.7622,-2.1936,578.9314,-580.0310
1773859788.496339,-5.5122,-3.9688,-1.9250,-3.2810,-1.8499,578.3689,-581.1748
1773859788.8233287,-5.5249,-4.0313,-2.3562,-2.4624,-2.2500,578.4500,-581.7561
1773859789.14873,-5.8438,-4.2063,-2.3000,-3.2810,-2.1311,578.5623,-583.5122
1773859789.4744341,-5.3496,-3.8877,-2.3125,-2.8809,-1.9248,577.5500,-584.4060
1773859789.8014274,-4.7310,-4.1938,-2.0000,-3.1184,-1.6624,577.8562,-585.2935
1773859790.1272008,-5.1309,-3.3000,-1.9375,-3.0186,-2.1499,577.3123,-586.8311
1773859790.4529715,-4.9937,-4.0188,-1.8938,-3.3123,-1.7000,577.2625,-588.1436
1773859790.7786646,-5.7188,-4.1689,-2.5063,-2.6621,-1.7249,576.6873,-588.2686
1773859791.1056848,-5.0000,-4.5564,-2.5376,-3.0435,-2.5313,577.3123,-589.1748
1773859791.431222,-4.9746,-4.0127,-2.3562,-3.0186,-1.5562,576.7498,-590.1560
1773859791.7567356,-5.6499,-3.8689,-2.2063,-2.8999,-1.6624,576.4436,-591.2124
1773859792.084029,-5.4873,-4.5813,-1.9438,-2.8496,-1.2874,575.8499,-591.6060
1773859792.4098732,-4.9688,-4.3188,-2.3938,-2.7749,-1.7124,576.3064,-592.0747
1773859792.735713,-5.4561,-4.6563,-2.4751,-2.9375,-1.8250,575.6936,-592.6812
1773859793.061007,-4.9497,-4.5688,-2.2876,-2.7246,-1.9749,575.7126,-593.4937
1773859793.388255,-5.3247,-4.4875,-2.1062,-2.7124,-1.2874,575.6438,-594.1748
1773859793.7139456,-5.3623,-3.6689,-2.5188,-2.8374,-2.1875,575.5437,-595.0435
1773859794.0400722,-5.5625,-3.3564,-2.5625,-2.8872,-1.2188,575.2751,-595.5623
1773859794.366085,-5.3560,-4.3376,-1.8813,-2.6436,-2.0999,575.0935,-596.1436
1773859794.6928775,-5.0747,-3.7563,-2.0813,-3.0435,-1.4812,574.7249,-597.0935
1773859795.0186584,-5.0747,-4.2751,-1.9626,-3.2998,-1.4312,575.4812,-597.1187
1773859795.3438554,-5.1372,-4.0313,-2.1563,-2.3809,-1.9124,574.6189,-597.9624
1773859795.6709578,-5.6372,-4.5564,-2.1687,-2.6123,-2.0686,574.4001,-598.3811
1773859795.9961772,-5.5938,-4.0313,-2.1501,-2.7061,-1.7124,574.4187,-599.0623
1773859796.3227575,-5.4063,-4.4814,-2.6438,-2.5435,-1.8062,574.7126,-599.3687
1773859796.6488247,-5.6187,-3.0439,-2.2813,-2.9434,-2.0874,574.1624,-600.3687
1773859796.9751296,-5.4810,-4.0063,-1.7500,-3.3684,-1.6311,573.8435,-601.0623
1773859797.3009546,-5.6187,-3.6250,-1.7937,-2.8247,-1.8811,574.0374,-601.1372
1773859797.62645,-5.3247,-4.2002,-1.7375,-2.6812,-2.2500,574.3064,-601.6936
1773859797.9540222,-5.2188,-4.2627,-1.4751,-2.7998,-1.8936,574.2874,-601.5999
1773859798.2796059,-5.8184,-3.5876,-2.3250,-3.2498,-1.8062,573.8064,-601.7061
1773859798.605643,-5.1563,-4.3252,-2.5938,-3.0371,-1.5313,573.9998,-602.7310
1773859798.931397,-5.2998,-2.6501,-2.4751,-2.7749,-1.4500,573.8562,-602.7622
1773859799.2582195,-5.4937,-3.9063,-1.9375,-2.8247,-2.1748,573.2810,-603.2373
1773859799.583718,-5.4873,-4.1563,-1.8064,-2.7622,-2.1187,573.5876,-604.1372
1773859799.90932,-5.5996,-3.9126,-1.8750,-2.8247,-1.9187,573.0935,-604.0374
1773859800.2355194,-5.4434,-3.6313,-2.1626,-3.0498,-1.8936,573.2874,-604.2498
1773859800.56264,-4.8125,-3.5313,-2.6438,-3.1123,-1.8936,572.9685,-603.8062
1773859800.8878124,-5.1621,-3.8877,-1.7751,-3.0310,-2.1187,572.9436,-604.5249
1773859801.2136059,-4.9561,-4.1938,-1.8000,-3.2122,-1.6563,573.0500,-604.9497
1773859801.540376,-5.5498,-3.7251,-2.0188,-3.0996,-2.0313,572.5876,-605.5122
1773859801.865904,-5.5122,-3.6689,-1.8376,-2.4937,-1.5874,573.0623,-605.1436
1773859802.1917708,-5.8125,-3.9375,-1.9126,-3.2935,-2.3250,572.7063,-605.2998
1773859802.5171323,-5.5313,-3.0000,-1.4314,-3.1873,-1.8186,573.3123,-605.5435
1773859802.8444688,-5.6997,-4.0564,-1.3562,-3.1809,-1.7998,572.7810,-605.1560
1773859803.170006,-5.5498,-4.0000,-2.1875,-2.9746,-2.0562,573.0876,-605.4185
1773859803.495889,-5.3560,-4.2063,-1.8438,-3.0371,-1.6875,573.6248,-606.2061
1773859803.8225415,-4.8687,-4.4939,-1.7625,-2.5625,-1.4436,572.1375,-606.1748
1773859804.1483612,-5.2500,-3.4375,-2.2000,-3.2246,-2.0000,572.3313,-605.8311
1773859804.4741626,-5.3184,-4.3313,-1.9438,-3.2498,-1.4063,572.1814,-605.7810
1773859804.7998009,-4.4688,-3.3252,-2.0813,-2.8999,-1.8623,572.8064,-605.5811
1773859805.125705,-5.5747,-4.6563,-2.0313,-3.2810,-1.8562,572.8250,-605.2310
1773859805.4524007,-5.9063,-4.3564,-2.0188,-2.9810,-2.0437,573.0813,-605.7061
1773859805.7784507,-4.8560,-4.0876,-2.2439,-3.7246,-2.2561,572.6624,-605.2622
1773859806.1035144,-5.2310,-3.2500,-2.1375,-2.9063,-1.3623,573.5061,-605.0747
1773859806.431048,-5.4434,-4.1125,-2.3938,-2.9622,-1.4124,572.7751,-605.4124
1773859806.7568848,-5.4497,-3.7375,-1.5437,-2.4375,-1.6563,572.6624,-604.9873
1773859807.0824323,-5.7061,-3.9563,-1.4375,-3.3059,-1.8250,572.5374,-604.6372
1773859807.409388,-5.7998,-4.7188,-2.0125,-2.7749,-1.2500,572.3625,-606.3062
1773859807.7348754,-5.6309,-4.1563,-1.1001,-2.6748,-1.5625,572.4939,-605.7249
1773859808.0603194,-5.2749,-4.0000,-2.1313,-2.9063,-1.9312,572.5999,-604.8311
1773859808.38602,-5.6685,-4.0188,-2.0625,-3.0371,-1.3311,571.8250,-605.4497
1773859808.7131138,-5.5938,-4.3125,-2.2500,-2.9810,-2.3062,572.2000,-605.4312
1773859809.0389965,-5.6499,-4.1501,-1.9063,-3.0935,-1.2625,572.8000,-604.6123
1773859809.3642566,-5.6685,-3.9438,-2.5688,-2.9375,-1.8250,572.3875,-604.5249
1773859809.6913707,-5.5811,-3.9626,-1.5188,-2.7500,-1.8125,572.1624,-604.6187
1773859810.0169458,-5.4873,-4.0688,-1.8813,-2.9375,-1.6748,572.5251,-605.0249
1773859810.3427703,-5.3809,-4.5564,-1.5188,-3.1809,-2.2749,572.5813,-603.8936
1773859810.668001,-5.4873,-4.2063,-2.0313,-3.2373,-1.7874,572.8064,-603.1997
1773859810.995291,-5.1309,-4.1250,-2.4187,-2.7749,-1.6812,573.0750,-602.5562
1773859811.3210576,-5.3999,-4.3938,-1.8938,-3.6309,-1.5750,573.0876,-602.5310
1773859811.6465187,-4.8438,-4.1377,-2.1062,-2.7500,-1.8062,573.0999,-601.7686
1773859811.9723172,-5.2500,-3.7375,-1.1313,-2.9934,-1.8999,572.7498,-601.6560
1773859812.299385,-5.1372,-2.6814,-1.9626,-3.0186,-1.6187,573.6814,-601.4248
1773859812.6248071,-5.6997,-4.4438,-1.6750,-3.0811,-2.1062,572.9373,-601.0874
1773859812.9505148,-5.6563,-4.0439,-1.7188,-2.8623,-1.4248,572.7498,-600.3623
1773859813.2778668,-5.2310,-3.9126,-1.9812,-3.0371,-1.5374,573.1687,-600.6311
1773859813.603241,-5.5996,-4.1189,-1.7188,-2.7061,-1.7061,573.2185,-599.6624
1773859813.9281476,-5.4810,-3.3625,-2.3188,-2.5371,-2.4248,573.3625,-598.7561
1773859814.2541206,-5.2871,-4.2751,-1.8625,-3.5122,-1.4124,573.9749,-598.1311
1773859814.581463,-5.4688,-4.2375,-1.5437,-2.8809,-1.5498,573.2439,-597.6060
1773859814.9074156,-5.6187,-3.8813,-2.0938,-3.2061,-1.5186,573.2439,-597.5310
1773859815.232812,-5.2622,-4.6001,-1.5251,-2.9685,-0.8186,573.3748,-597.1123
1773859815.5603266,-5.5000,-4.7063,-2.2937,-2.8687,-1.4500,573.2185,-596.0623
1773859815.8857782,-4.9937,-4.2688,-1.9500,-3.0122,-1.5686,574.3186,-596.0562
1773859816.2112694,-5.1621,-3.6438,-1.7312,-2.9185,-1.4500,574.2874,-595.6372
1773859816.536984,-5.2622,-4.1313,-2.1938,-3.2998,-1.7500,573.9436,-594.6997
1773859816.8651524,-5.4873,-4.1313,-1.9500,-3.3496,-1.5874,574.2126,-593.8247
1773859817.1903365,-5.5122,-3.8938,-1.7063,-2.8374,-1.4749,574.3748,-593.5562
1773859817.515808,-5.2998,-3.8252,-1.2000,-3.2122,-1.6250,573.9685,-592.1936
1773859817.8421264,-4.7935,-3.9250,-1.5000,-3.1873,-1.4436,574.7185,-591.5686
1773859818.1686857,-4.7749,-4.1438,-1.5313,-2.9063,-1.5686,574.6062,-591.1311
1773859818.4941652,-5.1187,-3.9314,-1.2625,-3.3623,-1.9063,574.6750,-591.0186
1773859818.820104,-5.3496,-3.6875,-2.0938,-3.3372,-1.8311,574.4187,-589.8623
1773859819.1474683,-5.5059,-4.2813,-2.2063,-3.0498,-1.9873,574.7185,-589.0686
1773859819.4728107,-5.6123,-3.7627,-1.6938,-2.8999,-1.4749,574.6189,-588.5061
1773859819.7985992,-5.9121,-4.0564,-2.1938,-2.8936,-1.4624,575.1189,-587.5435
1773859820.125048,-5.4248,-4.1064,-2.2375,-2.8062,-1.5186,575.5310,-586.5811
1773859820.4516966,-5.1309,-4.0251,-2.2000,-2.7124,-1.4375,575.8689,-586.0249
1773859820.7771056,-5.7813,-4.1626,-2.4500,-2.8872,-1.5938,575.3376,-584.8999
1773859821.103393,-5.6436,-3.5000,-2.5813,-3.1748,-2.0000,575.1501,-584.4124
1773859821.429827,-5.5313,-4.0063,-2.6875,-2.6812,-2.1748,575.8748,-583.5310
1773859821.7554898,-5.0000,-4.0376,-1.9438,-2.7373,-0.7813,575.8499,-582.7998
1773859822.0810764,-5.2998,-4.1814,-1.9500,-3.0935,-1.6875,575.7874,-581.9749
1773859822.4067073,-5.9688,-3.3376,-2.0688,-3.2061,-1.9624,576.2185,-581.6997
1773859822.7342567,-5.1436,-4.2627,-2.1626,-2.8247,-1.7937,577.1375,-579.9561
1773859823.060098,-4.9185,-4.0000,-2.0251,-3.4309,-1.4749,577.0750,-579.0686
1773859823.3858757,-4.9873,-3.5876,-1.8125,-3.2122,-1.8125,577.3000,-578.4998
1773859823.711475,-5.5874,-4.3125,-1.4875,-2.7813,-2.0000,577.1624,-578.0935
1773859824.0383828,-5.4937,-4.0127,-2.0437,-3.1748,-1.6812,577.4250,-577.1311
1773859824.3640244,-5.8936,-4.2688,-1.7063,-3.1248,-1.6311,577.5999,-576.4060
1773859824.6903245,-4.8687,-3.8064,-1.8501,-2.9434,-1.5999,577.2249,-575.0186
1773859825.0171835,-4.8623,-4.0188,-1.3813,-3.1123,-1.1936,577.6814,-574.2998
1773859825.34284,-5.3750,-3.6814,-2.1626,-3.8496,-1.7749,577.6814,-573.0249
1773859825.668488,-4.7500,-4.1064,-1.8689,-2.8936,-1.4873,577.7751,-572.1372
1773859825.994311,-5.2437,-4.0564,-2.2000,-3.2122,-1.8811,577.8376,-571.1624
1773859826.3210082,-4.9063,-3.9939,-2.1626,-2.9185,-1.4749,578.0686,-570.7561
1773859826.6474755,-5.0684,-3.7375,-2.1313,-2.8809,-1.1624,578.1248,-569.3062
1773859826.9732435,-5.0186,-3.9250,-1.5688,-3.0310,-2.0999,578.8625,-568.1685
1773859827.2999434,-4.9248,-4.1250,-1.6313,-2.5625,-1.7998,578.5310,-566.0686
1773859827.6256719,-5.3125,-4.1250,-2.6250,-2.7559,-1.4624,578.9250,-565.7498
1773859827.9508514,-5.6250,-3.9875,-1.4375,-3.4497,-2.2000,579.1624,-564.9248
1773859828.2763412,-5.4185,-3.9438,-1.8438,-3.4248,-1.8062,579.2810,-563.8872
1773859828.60396,-5.3687,-4.4626,-1.6563,-3.0310,-1.6375,579.2063,-562.8247
1773859828.9301896,-5.4561,-3.9563,-1.9688,-3.1809,-1.4187,579.6125,-561.3435
1773859829.256216,-5.1812,-4.1501,-1.4812,-3.2310,-1.1748,580.3123,-560.4185
1773859829.5813131,-6.0186,-3.8313,-1.4875,-2.8125,-1.5625,580.2810,-559.8247
1773859829.9081306,-5.9248,-3.6377,-1.9250,-3.0059,-1.8125,580.5623,-558.6873
1773859830.2337952,-5.2935,-4.4502,-1.9751,-3.2185,-1.7124,581.2688,-557.6187
1773859830.5591528,-5.5186,-3.9438,-2.2251,-2.7500,-1.6436,581.4500,-556.8499
1773859830.8870804,-5.6685,-4.3376,-2.1313,-2.9497,-1.4312,581.1750,-554.8748
1773859831.2120888,-5.6060,-3.8000,-1.5000,-3.0371,-1.7686,581.3064,-554.6372
1773859831.5383217,-5.2998,-4.1125,-1.9375,-3.2747,-1.7437,581.0188,-554.1436
1773859831.8642097,-5.4312,-3.3689,-1.7937,-3.1123,-1.5938,581.3435,-552.7622
1773859832.1906955,-5.4873,-4.3125,-2.3562,-2.9248,-1.3125,581.5564,-551.7622
1773859832.516386,-5.7686,-3.8188,-1.8938,-2.9561,-1.5313,581.8186,-550.3872
1773859832.8424284,-5.4121,-3.9939,-2.0063,-3.2373,-1.8250,581.9875,-549.6123
1773859833.1687932,-5.7437,-3.8938,-2.2937,-3.1309,-2.0000,582.1873,-547.8936
1773859833.497036,-5.3496,-3.9314,-1.8376,-2.8496,-1.5625,582.0374,-546.7061
1773859833.8211343,-5.4810,-3.7627,-1.9063,-2.7871,-1.0874,582.6189,-545.9749
1773859834.1462934,-5.4312,-3.5938,-2.0251,-2.7437,-1.6812,583.0623,-544.7622
1773859834.4738002,-5.5249,-4.1189,-1.6814,-2.8062,-1.7625,583.1750,-544.2310
1773859834.7992258,-5.6123,-4.0813,-2.3875,-2.8872,-1.5625,583.5813,-542.6997
1773859835.1253726,-4.8247,-4.0313,-1.8938,-3.3184,-1.0313,584.0813,-540.5374
1773859835.4506898,-5.2188,-4.3438,-2.2251,-2.6187,-1.4312,583.8562,-539.6936
1773859835.777692,-5.8496,-3.6814,-2.2439,-2.8374,-1.8438,584.6125,-538.1997
1773859836.1034358,-5.3438,-3.7188,-1.5000,-2.9810,-1.8374,584.5999,-537.2437
1773859836.4277596,-5.4185,-3.8689,-2.3000,-2.9622,-2.1748,585.2185,-535.8560
1773859836.7560968,-6.1123,-3.1250,-2.3188,-2.7998,-1.2686,584.5310,-534.3936
1773859837.08154,-5.4121,-3.7439,-1.7312,-2.7998,-1.7998,584.7751,-532.6560
1773859837.4066765,-5.3247,-3.7188,-2.2439,-3.2061,-1.4812,585.4998,-531.8247
1773859837.7330203,-4.8062,-4.3877,-2.2500,-3.3123,-1.1687,586.1062,-530.3936
1773859838.0603836,-5.4375,-4.0752,-1.8875,-3.4434,-1.5562,586.1873,-529.3623
1773859838.3854592,-5.0747,-3.5313,-1.9001,-2.8438,-1.2937,586.3123,-528.1248
1773859838.711036,-5.2686,-4.3188,-1.4688,-3.0247,-1.6375,586.8499,-527.0122
1773859839.0381343,-5.7500,-3.6750,-1.9187,-2.7686,-1.8750,586.8376,-524.9185
1773859839.3638985,-5.6997,-4.0313,-2.1563,-3.0747,-1.8311,587.4939,-524.1499
1773859839.68977,-5.3936,-4.0439,-1.9563,-3.0186,-1.5437,587.6560,-522.4561
1773859840.0150275,-5.5625,-3.6001,-1.2500,-3.4561,-1.1812,588.0061,-520.8186
1773859840.3428667,-5.6250,-3.6125,-1.4626,-3.1060,-1.1687,587.8376,-520.0935
1773859840.6679301,-5.8560,-3.9438,-1.4812,-2.7749,-1.7249,588.2126,-518.7749
1773859840.9936929,-5.7188,-4.2500,-2.1563,-3.2185,-1.5625,589.1687,-516.5186
1773859841.3194225,-5.5996,-3.7126,-2.1626,-3.2998,-1.6563,588.9436,-515.8936
1773859841.6463642,-5.2998,-4.0439,-2.1814,-3.1497,-1.3311,588.8186,-513.6248
1773859841.972015,-5.1563,-4.1001,-2.1438,-3.1248,-1.5750,589.6687,-512.5061
1773859842.297715,-5.7246,-3.8000,-1.8313,-3.0935,-1.0374,589.6750,-511.6436
1773859842.624671,-5.7500,-3.5813,-2.0564,-2.8623,-0.7686,589.9500,-509.5999
1773859842.9501054,-5.2310,-3.9126,-2.4187,-3.2998,-1.2937,590.3123,-508.8311
1773859843.2758305,-5.7437,-4.0688,-1.6563,-2.9248,-1.6563,591.1873,-507.9124
1773859843.6015704,-5.3311,-3.6938,-1.4812,-3.1809,-1.9124,591.0564,-505.9060
1773859843.928773,-5.6934,-4.0439,-2.2000,-3.0310,-1.0186,591.1624,-504.2185
1773859844.254305,-5.5249,-3.9189,-2.0437,-3.0623,-1.3811,591.3562,-502.9060
1773859844.580158,-5.8374,-3.9375,-2.0313,-3.1123,-1.4749,591.5686,-501.7124
1773859844.9066336,-5.1812,-3.4502,-1.7188,-3.1436,-1.4436,592.2937,-499.7998
1773859845.2325442,-5.7188,-3.7251,-2.0688,-2.8750,-1.0125,592.1560,-498.6685
1773859845.55811,-5.2998,-4.2126,-1.9063,-2.6309,-1.9124,592.5374,-497.1873
1773859845.8840423,-5.9746,-3.8313,-2.0437,-3.1309,-1.3999,592.8435,-495.1685
1773859846.2112284,-5.2246,-4.1001,-1.5813,-2.9185,-1.2625,593.8250,-494.0498
1773859846.5365322,-4.6250,-3.7563,-2.2688,-3.0310,-2.1563,594.0813,-492.7874
1773859846.8621924,-5.1934,-3.8125,-1.9001,-2.6997,-1.7124,594.2937,-491.2810
1773859847.1881652,-5.3311,-3.8813,-2.3313,-2.9810,-1.3687,594.0251,-489.8062
1773859847.5153582,-5.1187,-4.1689,-1.8938,-2.5938,-1.6311,595.2185,-487.2310
1773859847.842042,-4.7871,-4.0188,-1.2188,-2.8247,-1.4124,595.6125,-487.1248
1773859848.1669269,-5.2437,-3.8376,-2.2751,-3.3123,-1.1936,595.4187,-485.2874
1773859848.4937177,-5.4746,-3.9751,-2.0437,-3.4561,-1.6311,595.5310,-483.6372
1773859848.8192117,-5.0874,-3.8625,-1.6875,-2.9248,-1.6812,595.8811,-481.7622
1773859849.145212,-5.6372,-3.8813,-1.7000,-2.8936,-1.7124,596.4685,-480.3687
1773859849.4706714,-5.6748,-4.0188,-1.7439,-2.7061,-1.4312,596.5623,-478.7686
1773859849.7981339,-5.5059,-4.2314,-2.6626,-3.2935,-1.5562,596.8186,-477.5374
1773859850.1239486,-5.8062,-4.3064,-1.4751,-3.0747,-1.6875,597.0813,-476.1560
1773859850.4492385,-5.2373,-3.5127,-2.2688,-2.8438,-1.3999,598.1311,-474.6372
1773859850.776088,-5.1875,-4.2500,-2.2813,-3.0186,-1.5313,598.5876,-472.6060
1773859851.1022785,-5.4497,-4.2251,-2.4001,-3.3496,-1.7373,599.0310,-471.6748
1773859851.427501,-6.0186,-3.4626,-2.0564,-3.3247,-1.7561,599.1438,-470.3123
1773859851.7533329,-5.5811,-4.5127,-1.6938,-2.6372,-1.5999,599.3625,-468.4248
1773859852.0806272,-5.7124,-3.2813,-2.3376,-3.3372,-1.5686,599.2439,-467.5310
1773859852.4062471,-5.5186,-4.0439,-1.8376,-2.9746,-1.7124,600.3748,-465.5122
1773859852.7317195,-5.5874,-4.0251,-2.3250,-2.8374,-1.4248,600.3186,-463.6560
1773859853.0577207,-4.7998,-3.8877,-1.8313,-2.8936,-1.2998,600.8499,-462.4624
1773859853.3850386,-5.7559,-4.1001,-1.4438,-3.2434,-1.6311,600.7439,-460.6372
1773859853.7110014,-5.3999,-3.7439,-1.5376,-2.9063,-1.4124,601.2375,-459.0310
1773859854.036323,-5.8496,-4.0376,-2.5688,-3.0747,-1.5999,601.6062,-457.6436
1773859854.3630192,-5.7246,-3.7251,-2.2063,-2.8125,-1.6748,600.9939,-459.7124
1773859854.6889443,-5.0811,-3.9250,-1.9375,-2.8062,-1.5999,586.4250,-497.0686
1773859855.0142858,-5.7559,-3.6501,-1.6438,-3.4873,0.3938,984.9124,3394.5498
1773859855.3406377,-5.4185,-3.9875,-1.7000,-0.5562,-4.9375,1372.2310,2996.0498
1773859855.6678817,-5.5684,-4.2751,-1.4314,-0.0249,-4.3687,1350.7437,2944.2803
1773859855.9930048,-5.2061,-3.9250,-1.5688,-0.3809,-4.6499,1340.8179,2917.0742
1773859856.3188884,-5.5811,-3.2439,-1.7312,-0.2559,-4.6062,1333.1812,2898.7998
1773859856.6460094,-5.6060,-4.1377,-1.6814,-0.1499,-4.2686,1327.8618,2885.8740
1773859856.9706624,-5.2935,-3.9438,-1.6001,-0.7246,-4.0000,1323.2866,2875.3809
1773859857.2982078,-5.4561,-2.9563,-0.7625,-0.6372,-4.7000,1319.2056,2867.1367
1773859857.6241372,-5.6499,-3.9001,-1.8188,-1.0498,-4.4937,1316.0991,2860.5371
1773859857.9512546,-5.9561,-3.9502,-1.3938,-0.8438,-4.3562,1312.7935,2854.1680
1773859858.2771459,-5.9312,-3.5813,-2.0063,-0.7998,-4.6563,1310.4810,2849.1494
1773859858.602802,-5.4375,-4.2188,-1.5688,-0.3374,-4.2312,1307.8560,2844.0869
1773859858.9275117,-5.8809,-4.1689,-1.3625,-1.2310,-4.2998,1304.7437,2840.4121
1773859859.2549984,-5.6997,-2.4563,-1.6938,-0.7622,-4.4124,1302.7808,2836.8682
1773859859.5810251,-5.5874,-3.7939,-1.6189,-0.3438,-4.5437,1300.5181,2833.2178
1773859859.9064906,-5.4937,-3.9939,-1.2375,-0.7373,-4.6311,1298.6431,2830.7490
1773859860.2339532,-5.7500,-3.8501,-1.5750,-0.3750,-4.1375,1295.9429,2827.4492
1773859860.5588784,-5.5498,-4.0876,-2.0688,-0.7622,-4.1748,1294.7183,2825.2373
1773859860.8845584,-5.2373,-3.6377,-1.4688,-1.5938,2.3376,761.7312,1488.7935
1773859861.210625,-5.6748,-3.7500,-0.6814,-3.8684,1.7751,581.8875,-71.2686
1773859861.5382018,-5.2998,-3.9626,-0.6814,-3.9998,0.9314,583.1624,-77.4497
1773859861.8644593,-5.9937,-3.1501,-1.3125,-3.9060,1.1750,583.8064,-51.0498
1773859862.1900618,-5.4624,-4.1064,-1.3625,-3.6997,1.5188,583.7439,-38.7251
1773859862.5171168,-5.5371,-3.3564,-1.6687,-4.0498,1.4751,584.0310,-30.5435
1773859862.8423505,-5.3623,-3.6563,-0.9500,-3.7185,1.4001,584.5750,-25.9561
1773859863.1681933,-5.4873,-3.8000,-1.6438,-3.8872,1.3188,585.0310,-22.0562
1773859863.49379,-5.0747,-3.5625,-0.9563,-3.5122,1.5376,585.3064,-18.8560
1773859863.820861,-5.0747,-2.4626,-1.8875,-4.0186,1.9814,585.4124,-16.4248
1773859864.1466389,-5.7559,-3.2063,-1.0813,-4.0371,1.2439,585.6125,-15.8687
1773859864.4721992,-5.2998,-3.8188,-1.5813,-3.9185,1.6501,586.2810,-14.3501
1773859864.7978659,-5.8687,-3.1938,-1.6313,-2.7686,-4.7124,1188.2437,3050.2236
1773859865.1250074,-5.7935,-4.4375,-1.6250,0.7690,-9.7561,1304.9429,2907.9492
1773859865.450378,-5.5313,-3.4814,-1.5063,-3.6560,0.6626,576.1311,-417.8247
1773859865.7759972,-5.5747,-3.2500,-1.2563,-2.4810,-1.1436,636.7688,-240.1560
1773859866.1032612,-5.9937,-3.8188,-1.5625,-3.0122,-1.4063,655.0564,-225.6499
1773859866.4287813,-6.1309,-3.8877,-2.3250,-2.9434,-1.0498,655.5374,-226.5874
1773859866.754286,-5.9561,-3.8938,-1.7126,-2.7310,-1.3311,655.7063,-226.5249
1773859867.080131,-5.8125,-4.0876,-1.9939,-3.4185,-0.9937,655.7063,-222.9810
1773859867.406956,-5.3311,-3.8813,-2.0251,-2.9561,-0.8186,656.3000,-219.5186
1773859867.7328787,-5.5811,-3.2563,-2.2000,-2.9746,-1.1624,657.1438,-215.1624
1773859868.0582333,-5.9624,-3.8501,-1.5313,-3.1685,-0.7124,657.6248,-211.0498
1773859868.3853056,-6.1123,-4.1626,-1.6750,-2.6123,-1.5186,658.9314,-206.3499
1773859868.7111125,-5.8374,-4.4250,-1.9626,-2.4121,-1.5125,659.7874,-200.9248
1773859869.0363111,-5.6309,-3.9375,-1.8313,-2.8999,-1.0313,660.5564,-196.5310
1773859869.3617814,-5.7246,-3.9001,-2.0688,-2.9312,-1.6062,661.7249,-191.6812
1773859869.689229,-5.9561,-3.7563,-1.6375,-2.9121,-1.1499,662.6375,-186.6936
1773859870.0151594,-5.3936,-3.5188,-2.0376,-3.1997,-1.1875,663.6624,-182.3123
1773859870.3403661,-5.5625,-3.2500,-1.6750,-3.3809,-1.6250,665.0437,-177.2874
1773859870.6660664,-5.3623,-3.9250,-1.8501,-3.1309,-1.0313,666.2126,-172.4873
1773859870.9929254,-5.7188,-4.1689,-1.5500,-2.9375,-1.2500,667.2312,-167.8999
1773859871.3183668,-5.1563,-3.8064,-2.0564,-2.9248,-1.6748,668.5310,-162.8186
1773859871.6440141,-5.6250,-3.9438,-1.6501,-2.9810,-1.0686,669.5876,-158.7249
1773859871.9715161,-5.2813,-3.0376,-1.1375,-3.0996,-1.2686,670.8875,-154.3623
1773859872.296983,-5.6875,-3.7375,-1.8250,-3.1560,-0.8374,671.9749,-149.3936
1773859872.622608,-5.4248,-4.0000,-2.0188,-3.2622,-1.0374,673.7063,-145.0688
1773859872.9482484,-5.7622,-3.4939,-1.8875,-2.7622,-1.2124,675.4250,-140.3687
1773859873.2749214,-5.6934,-2.8313,-1.8376,-3.2998,-1.5874,675.9060,-136.6997
1773859873.600732,-6.1685,-4.1250,-1.3313,-2.9561,-0.8936,676.9939,-132.0811
1773859873.9267368,-5.8125,-4.4438,-1.8813,-2.7124,-0.9375,678.2688,-127.9751
1773859874.2537613,-5.8247,-4.0564,-1.6938,-2.5562,-1.3562,679.4250,-124.7251
1773859874.5792158,-5.4624,-4.2188,-1.7251,-2.7373,-1.2813,680.9373,-120.0000
1773859874.9041145,-5.1187,-3.8376,-1.2063,-2.5747,-1.4624,681.6560,-115.8623
1773859875.230273,-5.8247,-4.1438,-2.0750,-3.1436,-1.5313,682.9939,-112.2188
1773859875.55812,-5.9063,-4.1313,-1.6001,-3.2373,-0.8311,684.1560,-107.8062
1773859875.8828971,-5.2559,-3.5625,-2.1189,-2.5938,-1.6875,685.5686,-103.6685
1773859876.2085295,-6.2686,-3.0188,-1.6438,-3.3123,-1.4561,686.9124,-99.7188
1773859876.5345237,-5.5000,-3.7500,-1.6438,-2.5435,-1.4375,687.9812,-95.7437
1773859876.8613753,-5.8184,-4.1750,-1.7500,-3.1123,-1.2061,689.1687,-92.2686
1773859877.1870894,-5.6187,-3.3064,-1.5063,-2.7998,-1.3936,690.2561,-88.0938
1773859877.5120986,-5.7124,-3.1313,-1.7876,-3.3123,-1.0437,691.5374,-84.9126
1773859877.8394167,-5.6934,-3.6814,-1.2500,-2.9622,-1.3499,692.3123,-81.3750
1773859878.1653519,-5.7998,-3.0376,-2.1563,-3.5371,-1.0125,693.7498,-77.9937
1773859878.4905481,-5.7500,-3.9314,-1.8501,-2.2749,-1.4436,694.9314,-74.1499
1773859878.8161774,-5.5313,-3.7627,-0.8250,-2.5186,-1.3811,695.8064,-71.0186
1773859879.1434493,-5.7749,-3.9063,-1.7375,-2.9934,-1.2312,697.2688,-67.5688
1773859879.4690323,-6.0249,-3.8877,-2.0688,-2.7124,-0.9375,699.1375,-63.6372
1773859879.7941954,-5.8374,-3.5876,-2.0313,-3.0247,-1.1875,700.5437,-60.5498
1773859880.1212037,-5.7686,-4.0251,-1.1125,-2.9873,-0.8623,701.5564,-56.8062
1773859880.447538,-5.1621,-3.5876,-1.2688,-2.6875,-1.2561,702.5623,-54.3750
1773859880.7731228,-4.8687,-3.8188,-1.3125,-2.8936,-0.5562,700.8938,-51.7061
1773859881.09825,-5.0435,-3.7314,-2.1001,-2.8374,-1.2437,702.1125,-48.2437
1773859881.4254494,-5.6250,-3.6125,-1.8689,-2.9873,-1.1250,704.1062,-46.3936
1773859881.750733,-5.0498,-3.7439,-1.8064,-3.1685,-1.5750,704.7561,-43.1748
1773859882.0766585,-5.5811,-3.3813,-2.1375,-3.0935,-1.5061,705.2498,-39.8936
1773859882.4020536,-5.2622,-4.1125,-1.7751,-2.9622,-1.0437,706.0374,-37.2686
1773859882.7292352,-5.6187,-3.7627,-1.5313,-2.1563,-1.0125,707.6438,-33.7500
1773859883.054861,-5.4248,-3.7439,-1.7688,-3.0623,-0.7500,708.5623,-30.6187
1773859883.3807557,-5.5938,-3.4563,-1.4751,-3.0059,-1.0562,709.7498,-27.8438
1773859883.7076705,-5.1934,-3.7751,-2.0500,-2.7998,-1.3999,710.2561,-25.1563
1773859884.03308,-5.6748,-3.9063,-1.9001,-3.0310,-1.4375,711.8000,-22.5249
1773859884.3587189,-5.1060,-4.1064,-1.3250,-2.9248,-0.5999,712.3000,-20.0376
1773859884.6842802,-5.7310,-3.5813,-1.8813,-2.7500,-1.2000,713.7561,-17.4873
1773859885.0103703,-5.5498,-3.7251,-1.8501,-2.9375,-0.9312,714.4939,-14.5811
1773859885.33704,-5.5874,-3.7251,-1.8376,-2.8936,-1.4688,715.5500,-11.7813
1773859885.6626687,-5.3936,-3.6875,-1.9812,-2.9622,-0.5625,716.7000,-9.4438
1773859885.9898918,-5.5435,-3.3252,-1.4812,-2.6875,-1.2749,717.3499,-6.7188
1773859886.3154914,-5.6436,-3.8501,-1.9500,-3.0122,-0.8438,718.7625,-4.3813
1773859886.64138,-5.6060,-3.8564,-1.9875,-2.8750,-1.1812,719.8313,-1.7686
1773859886.9666982,-5.5747,-3.3564,-1.8562,-3.4309,-0.9187,720.5251,-0.0435
1773859887.2934668,-5.3623,-3.3376,-1.7188,-2.9312,-1.0061,721.4314,2.6128
1773859887.6189659,-5.4810,-3.6250,-1.3689,-3.0371,-1.8438,722.3435,5.3188
1773859887.9444933,-5.2310,-2.7188,-2.0376,-2.5313,-1.6624,722.8186,7.2563
1773859888.2703648,-5.7559,-3.6438,-1.5813,-2.7998,-1.3623,724.1814,9.7563
1773859888.5977387,-5.6997,-3.7002,-1.6125,-2.8687,-1.0750,724.6560,11.2627
1773859888.923307,-6.0874,-3.4189,-1.7688,-2.8560,-1.0811,725.6936,14.3564
1773859889.2485921,-5.8374,-3.2876,-1.5688,-2.9746,-1.1875,726.8562,16.3750
1773859889.5752566,-5.4810,-3.4001,-1.9126,-3.3684,-1.0249,728.2249,18.3188
1773859889.9011087,-5.5371,-4.0313,-2.1313,-2.5313,-1.0186,728.6311,20.1875
1773859890.2271113,-5.5625,-3.4751,-1.7688,-3.1997,-1.2124,729.4001,22.5625
1773859890.5526903,-5.1812,-4.1438,-1.9126,-3.5059,-0.9063,730.7126,24.5439
1773859890.8802705,-5.0059,-3.3813,-1.5063,-2.7124,-0.9436,731.9124,26.7876
1773859891.2055418,-4.9873,-3.8564,-1.9438,-3.0435,-1.2373,732.7625,29.2437
1773859891.5310683,-5.0684,-3.5625,-1.4751,-3.3872,-1.1563,733.2126,30.1812
1773859891.8578844,-5.3125,-3.6689,-1.9126,-3.0559,-1.0498,734.2249,33.0313
1773859892.1842062,-5.3872,-3.9250,-2.1438,-3.1685,-0.8875,735.1750,34.1689
1773859892.509806,-5.5122,-3.8000,-1.3313,-2.8936,-0.8936,735.9875,36.1440
1773859892.836069,-5.4688,-2.9314,-1.0251,-2.8438,-1.3062,736.6873,38.2188
1773859893.163316,-5.3496,-4.3252,-1.6563,-2.9063,-1.2373,737.2185,39.8315
1773859893.488736,-5.5249,-3.7314,-1.6814,-2.7622,-0.7749,738.4685,41.8062
1773859893.8140845,-5.2871,-3.6501,-2.0750,-3.0935,-0.9500,739.4373,43.5063
1773859894.1394205,-5.0435,-3.9939,-1.5813,-2.7622,-1.1062,740.3376,44.8940
1773859894.4670627,-5.7061,-3.2751,-1.2876,-2.8999,-1.0874,740.9749,47.3501
1773859894.7924013,-5.8062,-4.1938,-1.4500,-3.3123,-1.3750,742.1501,48.2124
1773859895.1178489,-5.7686,-3.5000,-1.8000,-2.9998,-1.1563,742.5750,50.7876
1773859895.444523,-6.1436,-3.8438,-2.1125,-2.6187,-1.1812,743.5125,52.6187
1773859895.7711093,-5.2310,-3.9250,-1.8064,-3.7622,-0.9187,744.3313,53.5815
1773859896.0951598,-5.8936,-3.4438,-1.7439,-2.9185,-1.0938,745.1375,55.7437
1773859896.4217203,-5.5625,-3.9001,-0.8750,-2.6934,-1.0750,745.6560,57.2813
1773859896.748873,-5.5435,-3.2939,-1.6563,-2.7246,-1.1436,746.7185,58.6689
1773859897.0741348,-5.2686,-4.0376,-1.1814,-2.3750,-1.2061,747.5310,60.3374
1773859897.4001403,-5.4375,-3.2751,-1.9001,-3.1309,-1.3125,748.0686,61.8628
1773859897.7258418,-5.7871,-3.9875,-2.0437,-2.8184,-0.9063,748.6873,63.7876
1773859898.053078,-5.8560,-3.4063,-1.7375,-2.6060,-0.5938,750.1189,64.6875
1773859898.3789766,-5.8936,-2.8438,-1.7375,-2.8809,-0.8499,750.6936,66.3062
1773859898.7039595,-5.3311,-3.9375,-1.5750,-2.8062,-1.3499,751.2498,67.3003
1773859899.0311627,-5.0313,-3.7813,-1.7876,-3.3748,-1.1499,751.8748,68.9688
1773859899.356824,-6.0122,-3.3813,-1.7439,-2.6997,-1.2813,752.4563,70.3564
1773859899.6823127,-5.5874,-3.7375,-1.7937,-2.8560,-0.5061,753.5310,71.7500
1773859900.0078394,-5.3247,-3.5876,-1.1563,-2.4810,-0.6936,754.7249,73.1313
1773859900.3350904,-5.6372,-3.7314,-1.9187,-3.0747,-1.3875,755.3875,75.1626
1773859900.6609573,-5.8936,-3.9314,-1.7563,-3.2185,-0.5562,755.7063,76.3438
1773859900.9864092,-5.4497,-3.5000,-1.8689,-3.3123,-1.2061,756.6936,76.7749
1773859901.313461,-5.7686,-3.9314,-2.1750,-3.0059,-1.0498,757.3250,78.2690
1773859901.639171,-5.2622,-3.8064,-1.1814,-2.7559,-1.0811,757.7625,79.8940
1773859901.9642355,-5.9746,-3.5376,-1.6001,-3.1248,-1.0938,758.1936,81.2939
1773859902.289858,-5.4063,-3.7500,-1.2751,-2.8809,-1.3438,758.9939,82.0249
1773859902.617021,-5.8687,-3.3064,-1.5063,-2.5625,-0.7686,759.9436,83.1499
1773859902.9425266,-5.6372,-3.3188,-1.9375,-2.8062,-1.5874,760.6687,84.7563
1773859903.2690966,-6.0625,-3.8000,-2.1626,-3.2498,-1.2000,761.0125,85.8438
1773859903.5958028,-5.5874,-3.3938,-1.7688,-2.7124,-0.7686,762.0623,87.0313
1773859903.9212663,-4.9624,-3.8376,-1.8064,-2.5562,-1.0750,762.7688,87.9937
1773859904.2468178,-5.1875,-3.7188,-1.5313,-3.0498,-0.7813,763.3625,89.3252
1773859904.5726213,-5.4185,-4.0625,-1.6001,-3.2559,-1.3311,764.2751,90.3687
1773859904.899794,-6.1309,-3.6125,-1.5750,-2.6563,-1.3750,764.5564,91.0127
1773859905.2255394,-5.5435,-3.4751,-2.0251,-2.9185,-0.7813,765.5251,92.3374
1773859905.5505192,-5.2373,-3.7126,-1.9187,-2.8311,-1.2874,766.2937,93.5127
1773859905.8755784,-5.4375,-4.1064,-2.0564,-2.9934,-1.4312,766.6624,94.5815
1773859906.2032766,-5.6309,-3.5251,-1.3188,-3.1436,-0.5562,767.4626,95.5249
1773859906.5292065,-5.1812,-3.2002,-2.0625,-2.2871,-0.7124,768.4875,96.6499
1773859906.8547323,-5.5562,-3.5313,-1.7876,-3.0310,-1.2561,768.4875,97.7749
1773859907.1816196,-5.3809,-3.6250,-1.9001,-3.1184,-1.1748,769.2561,98.6001
1773859907.5070915,-5.8623,-3.7500,-1.9187,-3.1809,-1.1436,769.5935,100.2002
1773859907.8329263,-5.3687,-3.5938,-1.8438,-2.8872,-1.1812,770.0061,100.2124
1773859908.1581142,-5.9248,-3.2627,-1.4812,-2.9185,-1.5811,771.2375,101.5688
1773859908.4851387,-5.5371,-3.6814,-1.6938,-3.2559,-1.1375,771.6873,102.4814
1773859908.810813,-5.5186,-4.1001,-1.8000,-2.7813,-0.7937,772.4875,103.5688
1773859909.1363072,-5.8560,-3.8313,-1.8689,-2.6309,-0.8750,773.6062,104.3628
1773859909.4632986,-5.5435,-3.9438,-1.5063,-2.9746,-1.0437,773.2810,105.4126
1773859909.7888443,-5.2998,-4.0000,-1.5063,-2.9685,-1.3250,774.2126,106.0190
1773859910.1144578,-5.2813,-3.7439,-1.6687,-3.0684,-1.2188,774.7625,106.9688
1773859910.4399316,-5.2373,-2.9875,-1.8625,-3.3496,-0.8875,775.5750,108.1250
1773859910.7673914,-5.1997,-2.6501,-1.2813,-3.1184,-1.2000,776.0061,109.1440
1773859911.0930421,-5.7373,-3.3625,-1.5500,-3.6123,-0.5374,776.8123,109.9253
1773859911.418731,-5.3247,-3.6377,-2.0876,-2.5498,-1.3687,777.8313,110.5313
1773859911.7441437,-5.6685,-2.8689,-1.7751,-3.2622,-0.7188,777.7249,111.4312
1773859912.0715594,-5.3750,-3.7563,-1.1125,-2.5562,-0.9561,778.7874,112.5688
1773859912.3970475,-5.5938,-3.9502,-1.1062,-2.9063,-0.5938,779.2810,113.4937
1773859912.722958,-5.5938,-3.2939,-1.5313,-3.0498,-0.6748,779.6438,113.8252
1773859913.0500848,-4.8809,-4.1001,-1.7251,-2.6997,-0.8999,780.2375,114.7939
1773859913.376181,-5.3872,-3.5564,-2.0251,-2.7559,-1.0061,780.3376,115.4438
1773859913.7017448,-5.3247,-3.7126,-1.8064,-3.2061,-1.3374,781.3123,116.6440
1773859914.0275414,-5.2813,-3.8689,-1.5188,-2.9375,-0.8250,781.9749,117.5190
1773859914.3544579,-5.0000,-2.9939,-1.3875,-2.4497,-0.8062,782.9812,118.2002
1773859914.6799467,-4.9121,-3.4688,-1.7439,-2.8438,-1.2813,782.8123,118.3188
1773859915.0055685,-5.5435,-3.3877,-1.7813,-2.8438,-1.2000,783.4749,119.2939
1773859915.3329477,-5.4561,-3.8438,-1.4939,-2.5938,-1.1123,783.9812,119.8125
1773859915.6586292,-5.5371,-3.1563,-1.7876,-2.9873,-1.2500,784.6624,120.9438
1773859915.9830136,-5.5625,-4.4438,-1.4751,-3.0247,-0.5562,786.0061,120.9937
1773859916.309355,-5.5313,-3.3188,-1.9563,-3.0684,-1.2188,786.2874,122.0752
1773859916.6366572,-5.3125,-3.8938,-2.0813,-2.8809,-0.9436,786.2000,122.7437
1773859916.9627736,-5.1934,-3.5376,-1.3875,-2.6685,-0.9436,786.2126,123.4189
1773859917.2881703,-6.1436,-3.6125,-1.7813,-3.0623,-1.2373,787.7126,124.1128
1773859917.6138332,-5.6812,-3.9626,-1.4563,-3.2498,-0.9812,787.8625,124.7813
1773859917.940758,-5.9688,-3.1938,-1.9438,-2.9998,-1.0186,788.2625,125.3564
1773859918.266336,-5.4375,-4.0564,-1.6375,-3.0371,-0.6499,788.8250,125.5815
1773859918.5918622,-5.6372,-3.8000,-1.3750,-2.9685,-1.1812,789.7063,126.8501
1773859918.9193985,-5.5562,-2.9063,-1.1938,-2.8936,-1.1250,790.2688,126.9565
1773859919.2446854,-5.6812,-3.7063,-1.6875,-3.0747,-1.4749,791.0750,127.2500
1773859919.5703313,-5.2559,-3.4563,-1.6626,-2.7749,-0.8623,791.3499,128.3062
1773859919.8962831,-5.5874,-3.3064,-1.1501,-3.0747,-1.0750,791.8186,128.3940
1773859920.2232149,-5.7124,-3.6438,-1.9314,-2.7749,-1.3811,792.2439,129.3877
1773859920.5485332,-5.4873,-3.5688,-1.8625,-2.6997,-1.1062,792.3938,130.0938
1773859920.874307,-5.6309,-2.7751,-1.6626,-2.8311,-0.8062,792.8625,130.4438
1773859921.201394,-5.0371,-3.4375,-1.4939,-2.9185,-1.1250,793.5061,131.3438
1773859921.5269384,-5.5684,-3.2126,-1.2312,-2.9434,-0.6563,794.5061,131.2876
1773859921.852943,-5.3374,-3.4751,-1.8313,-3.0559,-0.9063,794.6687,131.7251
1773859922.1789284,-5.6436,-3.3938,-1.9812,-2.8872,-0.6499,795.5310,132.6563
1773859922.50549,-5.8438,-3.8000,-2.0313,-3.0996,-0.8186,795.6814,133.1313
1773859922.8321521,-6.1997,-3.2439,-1.5813,-3.0247,-1.1936,795.6814,133.5752
1773859923.1572688,-5.0811,-3.5188,-1.6875,-2.9934,-0.3750,796.4250,134.0000
1773859923.4832115,-5.9873,-3.4814,-1.3376,-2.4873,-1.1375,797.6873,134.1938
1773859923.8104234,-5.5000,-3.8125,-0.8813,-3.3059,-0.9937,797.8250,134.9502
1773859924.1358662,-5.6812,-2.4626,-1.8313,-2.7246,-1.0437,797.8748,134.9565
1773859924.4614353,-5.7871,-2.7251,-1.4438,-3.1497,-0.7000,798.3625,135.6250
1773859924.7889602,-5.7500,-3.8313,-1.4438,-3.1560,-0.8750,799.0437,136.1064
1773859925.115243,-5.5186,-3.2126,-1.8813,-2.8311,-0.7749,799.3313,136.2627
1773859925.4409177,-5.5938,-2.9314,-1.9438,-3.1748,-1.1250,800.0686,136.9502
1773859925.766671,-5.7749,-3.6501,-1.8313,-2.4746,-0.8499,800.5935,137.6064
1773859926.0930054,-5.5000,-3.6938,-2.0437,-2.5811,-0.6748,801.2312,137.8003
1773859926.4192603,-5.4121,-3.8252,-1.6250,-2.9121,-0.9812,801.1814,138.3940
1773859926.7441409,-5.2373,-3.0313,-1.6062,-2.8809,-1.1563,802.0813,139.0625
1773859927.0717814,-5.5435,-3.7751,-1.1001,-3.2686,-0.7500,801.8376,139.5190
1773859927.3981907,-5.5435,-3.3750,-1.1938,-2.9561,-0.9812,802.7874,139.6313
1773859927.7233026,-5.5996,-3.5876,-1.6875,-3.0935,-0.7249,802.8562,140.0938
1773859928.0486891,-5.3750,-2.6501,-1.3250,-2.5371,-1.0686,803.5251,140.1001
1773859928.375741,-5.7124,-3.5876,-1.1875,-2.8374,-1.2249,804.1814,140.7939
1773859928.7012467,-5.3687,-3.2188,-0.9751,-2.7310,-0.4063,804.9436,141.2002
1773859929.0259929,-5.4746,-3.3625,-1.4375,-2.9998,-0.9248,804.3064,141.4751
1773859929.3527741,-5.2998,-2.3501,-1.5750,-2.8872,-1.2249,804.7375,141.7437
1773859929.6799371,-5.2373,-3.6001,-1.6189,-3.1248,-1.0437,805.5310,142.2251
1773859930.0053318,-5.3438,-3.4314,-1.4126,-3.2185,-0.8499,806.0935,142.5815
1773859930.330685,-5.0313,-3.2813,-1.6501,-2.9312,-1.4312,806.2625,143.2500
1773859930.6581032,-5.7188,-3.1750,-1.0251,-2.8936,-0.9500,806.8938,142.9312
1773859930.983537,-5.5625,-4.0564,-0.9438,-2.5811,-0.9688,807.3811,143.1875
1773859931.3092644,-5.8125,-3.9438,-1.6687,-3.0623,-1.3811,808.0935,143.4502
1773859931.6350331,-5.7500,-3.6313,-1.9812,-3.0247,-1.0249,808.3186,144.2124
1773859931.9617517,-5.2871,-3.9189,-1.4500,-2.4248,-1.0125,808.3000,144.2500
1773859932.2870517,-5.7188,-3.1001,-1.6125,-2.8125,-1.1062,809.2185,144.6313
1773859932.6128542,-5.7622,-3.7627,-1.6313,-3.0996,-1.3562,809.2498,145.2627
1773859932.9392574,-5.6372,-3.9250,-1.7500,-2.5371,-1.1311,809.7561,145.0439
1773859933.2651613,-5.5996,-3.5500,-1.3750,-2.9121,-0.9063,809.8938,146.0752
1773859933.5905962,-5.6685,-3.7500,-1.8064,-3.0684,-0.8250,810.1750,146.1689
1773859933.9163568,-5.3809,-3.6125,-1.4939,-2.6621,-0.7686,810.8435,146.4502
1773859934.243697,-5.4937,-3.7002,-1.7126,-3.0811,-0.5999,811.7937,146.4502
1773859934.5689242,-5.3374,-2.3438,-1.7751,-2.5684,-1.2373,811.5935,146.6313
1773859934.8937635,-5.6563,-3.4626,-1.4563,-3.1560,-0.5938,811.7625,146.9624
1773859935.220397,-5.5562,-3.6313,-1.7439,-2.6372,-0.5061,812.2185,147.2251
1773859935.5471156,-5.4312,-3.6001,-1.1250,-3.0435,-1.2249,812.4373,147.3999
1773859935.8729076,-5.3999,-3.1938,-1.2876,-2.9746,-1.0498,813.1248,147.8564
1773859936.198428,-5.0684,-3.3438,-1.8625,-3.0996,-0.8438,813.1687,148.2314
1773859936.5255182,-5.4434,-3.8125,-1.5813,-2.8999,-1.2937,813.8499,148.7876
1773859936.8518333,-5.6372,-3.9189,-1.7126,-2.5938,-1.1812,814.1062,148.2627
1773859937.175834,-5.4561,-3.9314,-1.7813,-2.8687,-0.9688,814.8123,149.0063
1773859937.5018466,-5.3872,-3.4126,-1.5500,-3.2434,-1.0125,815.2000,148.5376
1773859937.8296633,-5.6060,-3.7500,-1.6189,-3.2622,-0.8999,815.2810,149.4878
1773859938.1552212,-5.2686,-3.9189,-1.6438,-2.9121,-0.7937,815.3689,148.9063
1773859938.480927,-5.3750,-3.8064,-1.5000,-3.0247,-1.0249,815.8064,149.8877
1773859938.8083732,-6.0498,-3.5439,-1.5000,-2.8125,-1.0374,816.6750,150.0688
1773859939.133636,-5.0313,-3.6250,-1.8750,-2.8872,-0.5498,816.6873,149.5376
1773859939.459266,-5.0122,-3.2627,-1.1189,-2.9998,-1.2937,817.4749,150.2314
1773859939.7853417,-5.8623,-3.9250,-1.1062,-3.1560,-0.9749,818.0813,150.9624
1773859940.1126475,-5.0562,-3.5500,-1.6875,-2.9934,-0.7561,818.1375,150.6753
1773859940.4378147,-5.8062,-3.2126,-1.9126,-3.3184,-0.6250,818.2561,150.7690
1773859940.7635393,-5.6123,-3.9375,-1.9001,-2.6372,-0.9312,818.0813,150.4814
1773859941.088836,-5.6309,-4.3689,-1.5063,-2.6997,-0.5750,819.0623,151.4814
1773859941.4163818,-5.6123,-2.3813,-1.3313,-2.7310,-0.9500,818.6311,151.6313
1773859941.7417767,-5.3184,-3.2627,-1.5813,-2.6621,-0.6250,819.3000,151.8252
1773859942.06762,-5.1187,-2.8125,-2.0750,-2.6621,-0.8374,819.8689,151.7813
1773859942.3949049,-5.4185,-2.2126,-1.6938,-2.7246,-0.6499,820.1560,152.3188
1773859942.720056,-5.5000,-2.5752,-1.2751,-2.3750,-1.0686,820.6814,152.1128
1773859943.0468266,-5.5498,-3.8877,-1.5313,-3.3748,-1.2561,820.9875,152.3813
1773859943.3712988,-5.0249,-3.4375,-1.6501,-2.6372,-0.7998,820.7937,153.1753
1773859943.6982176,-5.3750,-3.4626,-1.2813,-3.0122,-1.1436,821.3000,152.7065
1773859944.0237627,-5.0625,-3.4001,-1.5625,-2.3496,-0.7749,821.9436,152.9253
1773859944.3493233,-5.5371,-3.4063,-1.2751,-2.8936,-0.5437,822.1375,153.5190
1773859944.6762369,-5.2686,-3.0564,-1.8376,-3.0247,-1.0061,822.9875,153.2876
1773859945.0018282,-5.7124,-2.6626,-1.4626,-3.0559,-1.0811,822.9373,153.2749
1773859945.3272927,-5.3999,-3.2813,-1.3125,-2.8496,-0.9624,822.9812,154.0376
1773859945.653057,-5.3247,-3.4126,-1.3438,-3.1436,-1.1187,823.3748,153.7690
1773859945.9804122,-5.5371,-3.5752,-1.3875,-2.8247,-0.9561,824.1189,154.1187
1773859946.3063014,-5.3687,-3.7188,-1.7251,-2.9063,-0.7312,823.8186,153.8813
1773859946.6318004,-5.5435,-3.8877,-0.8689,-2.5435,-0.9248,823.8811,153.9189
1773859946.9572268,-5.5684,-3.2375,-1.2937,-2.6997,-0.9688,824.7126,154.5503
1773859947.2845423,-5.6685,-2.5376,-1.4626,-2.8496,-0.6624,824.8499,153.8374
1773859947.6108928,-5.3496,-3.5000,-1.7312,-2.5938,-1.2749,825.3748,153.9937
1773859947.9359436,-5.9375,-3.9375,-1.8875,-2.6563,-1.1062,825.5623,154.3877
1773859948.2632499,-5.6812,-3.8376,-1.7375,-2.6875,-1.1687,825.9685,154.8687
1773859948.588875,-5.3872,-2.4875,-0.9812,-3.0498,-0.4248,826.4187,155.0376
1773859948.91415,-5.6499,-3.7500,-1.6189,-3.2871,-1.2813,826.4998,154.7188
1773859949.239703,-5.4434,-3.9314,-1.4314,-2.3999,-0.9124,826.3562,155.2188
1773859949.5672684,-5.3311,-2.6626,-1.4187,-2.7500,-1.0562,826.6189,155.1875
1773859949.892923,-5.8623,-4.0625,-1.2751,-2.7622,-1.4624,827.6125,154.8940
1773859950.2189686,-5.5747,-3.5127,-1.1438,-2.5562,-0.6499,827.5125,155.4688
1773859950.546096,-5.0811,-3.5376,-1.9001,-2.9934,-1.2874,827.5500,155.0815
1773859950.871352,-5.1563,-3.5564,-1.8938,-2.6436,-0.9561,828.3875,155.9126
1773859951.1969123,-6.2373,-3.6938,-1.5251,-2.8374,-0.8562,828.8250,155.7002
1773859951.5227323,-5.2188,-3.6875,-1.7937,-2.6621,-1.5938,828.7937,155.7690
1773859951.8497698,-5.5684,-4.0564,-1.7126,-2.9746,-0.8875,829.0623,156.4438
1773859952.1759276,-5.3999,-3.6750,-2.2000,-2.8560,-1.3499,829.5437,156.1001
1773859952.5016575,-5.4063,-3.4939,-1.3064,-2.6997,-0.3687,829.3875,155.5874
1773859952.8271017,-5.2622,-2.5063,-1.5313,-2.9685,-1.6812,829.8000,155.8687
1773859953.1543148,-5.7871,-3.9688,-1.2312,-2.6187,-1.2249,829.5500,156.2124
1773859953.4801843,-5.2686,-3.0000,-1.0500,-2.5059,-0.7625,829.8250,155.9375
1773859953.805532,-4.8438,-3.6377,-1.4812,-2.6875,-0.8438,830.4124,156.0938
1773859954.1330445,-5.6060,-3.7751,-1.7751,-3.0498,-1.1563,830.9250,155.9438
1773859954.4589427,-4.9937,-3.9126,-1.5938,-2.8184,-0.7000,831.0876,156.6128
1773859954.7839975,-5.7124,-3.4688,-0.8438,-2.9622,-1.1748,831.3499,156.0625
1773859955.1095967,-5.3560,-3.9688,-1.7063,-2.9685,-1.1936,831.5500,156.8750
1773859955.436763,-6.0747,-2.9250,-0.5688,-2.7373,-0.7998,831.7375,156.8813
1773859955.763179,-5.6997,-2.3689,-1.7500,-2.4497,-1.2437,832.2625,156.2876
1773859956.0884843,-5.6875,-3.8188,-1.2751,-3.2498,-0.9063,832.4001,156.7627
1773859956.4157143,-5.3872,-4.0188,-1.5251,-2.5625,-0.7437,832.3250,156.8438
1773859956.7416902,-5.5122,-3.5813,-1.7500,-2.3872,-1.0562,832.5188,156.5874
1773859957.0668116,-5.0938,-3.7813,-0.8562,-3.1685,-0.4248,833.1624,157.0313
1773859957.3925014,-5.5371,-2.5813,-1.0376,-3.0935,-0.6936,832.9749,156.7627
1773859957.7207022,-4.9434,-3.0938,-1.4688,-3.4746,-1.1936,833.4998,156.4063
1773859958.0468102,-4.9185,-2.9189,-1.5938,-2.8750,-0.9375,833.9749,157.0562
1773859958.3719347,-5.6997,-2.3689,-1.5813,-2.5874,-1.3374,833.8875,156.5439
1773859958.6972675,-5.0747,-3.3877,-0.9939,-2.9561,-0.7437,834.1624,157.0439
1773859959.0243974,-6.0371,-3.3689,-1.3250,-2.3999,-0.9937,834.3938,156.8374
1773859959.3500109,-5.4063,-2.3313,-1.2375,-2.2246,-0.6936,835.0876,158.0752
1773859959.675615,-5.7686,-3.3877,-1.9563,-3.0996,-1.0686,834.7312,157.6250
1773859960.0026398,-5.6250,-3.6377,-1.0625,-3.0371,-1.2373,835.1936,157.2188
1773859960.3275566,-5.5371,-3.6750,-1.1563,-3.2061,-0.8186,835.7185,157.6753
1773859960.65393,-5.6250,-3.7063,-1.6375,-2.8184,-1.0374,836.0876,157.6128
1773859960.9797113,-5.7246,-3.8938,-1.7688,-2.8623,-0.7312,836.1560,156.8940
1773859961.306774,-5.0371,-3.3938,-1.4187,-3.0623,-0.8062,836.3875,157.4688
1773859961.6322052,-5.6436,-3.7314,-1.8438,-2.7124,-0.8125,836.6248,158.1313
1773859961.9582224,-5.4185,-3.3064,-1.7251,-2.9248,-1.0562,836.9250,157.2749
1773859962.2846756,-5.4063,-3.4438,-1.4751,-2.9497,-1.3687,837.0999,157.8564
1773859962.6104128,-5.3560,-3.9314,-1.6626,-2.9622,-0.9187,836.9060,157.4751
1773859962.9359682,-5.5498,-2.8000,-1.4939,-2.7622,-1.2061,836.9187,157.9624
1773859963.261991,-5.0811,-2.9063,-0.5876,-2.6621,-0.9688,837.3499,157.3062
1773859963.5886104,-5.1997,-3.3877,-1.5188,-2.7061,-1.5625,838.0061,157.8628
1773859963.9142632,-5.1250,-4.0313,-1.3438,-3.1934,-0.8999,838.0188,157.8252
1773859964.2403882,-5.2935,-3.5500,-0.9688,-2.8311,-0.9937,837.7625,157.7876
1773859964.5660744,-5.2373,-3.4688,-1.4001,-2.5747,-0.9812,838.5623,157.5190
1773859964.8931668,-5.2500,-3.6689,-1.3000,-2.7246,-0.5625,838.6814,157.7251
1773859965.2186959,-5.7935,-3.5376,-1.3750,-2.6685,-1.0999,838.6438,157.5439
1773859965.5443752,-5.3623,-3.1377,-1.6125,-2.4873,-1.3750,839.0188,157.6812
1773859965.87175,-5.0000,-3.3438,-1.6375,-2.5371,-0.7625,838.5813,157.8687
1773859966.1968706,-5.4624,-3.6750,-1.6062,-2.5249,-0.9561,839.4998,157.3628
1773859966.522704,-5.4746,-3.6626,-1.1001,-2.3872,-0.8811,838.9685,157.8188
1773859966.8485432,-5.6563,-3.3064,-1.7500,-2.8872,-1.3186,839.3625,158.1499
1773859967.1757746,-4.7373,-3.1501,-1.0938,-3.1685,-0.7937,840.3435,157.6812
1773859967.5009534,-5.7373,-3.7563,-1.0688,-3.0310,-1.0625,839.5374,157.8188
1773859967.826533,-5.2437,-2.7251,-1.4126,-2.7622,-1.0374,841.1750,157.7188
1773859968.1539445,-5.3311,-3.6189,-1.5500,-3.0559,-0.6875,840.7375,157.3564
1773859968.4801264,-5.0684,-3.6750,-1.4375,-3.0371,-0.6812,841.0437,157.8252
1773859968.8054972,-5.3687,-3.6377,-1.2439,-2.4810,-0.2874,840.9001,157.6563
1773859969.1308842,-5.0186,-3.6313,-0.9812,-2.6372,-0.6875,841.4314,157.8438
1773859969.4581017,-5.2935,-3.6125,-1.7876,-2.6875,-1.1123,841.0310,157.8501
1773859969.783849,-4.9375,-3.6438,-1.1438,-2.4624,-1.0938,841.9626,157.9375
1773859970.1095636,-4.9810,-3.6814,-1.4126,-3.0623,-0.7937,841.5750,157.8628
1773859970.4345133,-5.4375,-3.4626,-1.4375,-2.8623,-0.7561,842.3123,158.5439
1773859970.762553,-5.5874,-3.9314,-1.4875,-2.8809,-1.2813,841.8250,157.5249
1773859971.087605,-5.6187,-4.2126,-1.1250,-2.6499,-1.3811,842.6501,157.2813
1773859971.4133594,-5.5122,-3.5564,-1.3625,-2.6309,-1.3499,842.9626,157.5938
1773859971.7410927,-4.9746,-3.3438,-1.7000,-2.8809,-0.4124,842.6125,157.1499
1773859972.0664227,-5.5996,-3.8064,-1.7563,-2.9561,-0.7686,842.9060,157.9438
1773859972.3918056,-5.3311,-2.9063,-1.1626,-2.7871,-1.2000,843.1125,157.6128
1773859972.7172303,-5.5249,-3.8252,-1.1687,-3.1621,-1.3623,843.3123,157.8315
1773859973.0444493,-5.6748,-3.0938,-1.5063,-2.8496,-0.7874,843.5623,157.8501
1773859973.3700588,-5.4873,-3.5439,-1.3000,-2.6372,-1.2124,843.3313,157.3940
1773859973.6964018,-5.3438,-3.1563,-1.7000,-2.2437,-0.7749,843.8811,157.9878
1773859974.0226624,-5.3374,-3.1501,-1.3125,-2.7749,-1.1875,843.3000,157.5249
1773859974.3487577,-5.8560,-3.6250,-1.4001,-2.7310,-1.0374,844.3064,157.5874
1773859974.6745431,-5.3184,-3.5564,-1.0188,-2.7061,-0.9561,843.7439,158.1440
1773859975.0000541,-5.5371,-3.5376,-1.1687,-2.6875,-0.7000,844.4875,157.7500
1773859975.3275082,-5.6563,-3.5938,-1.0437,-2.4185,-0.8936,843.9250,157.8564
1773859975.6528883,-5.5313,-3.9626,-1.5750,-2.4063,-1.0061,844.4060,157.5249
1773859975.977988,-5.6934,-3.6438,-1.1062,-2.4121,-1.2561,844.7063,157.8374
1773859976.3042002,-5.2310,-3.1626,-1.2126,-2.4873,-0.6062,845.0999,157.8687
1773859976.631206,-5.0562,-3.4189,-1.3125,-2.6748,-1.2813,844.8250,158.5938
1773859976.9570067,-5.6748,-3.4626,-1.7439,-2.7998,-0.8687,844.7937,158.3877
1773859977.2829335,-5.6187,-3.3000,-1.3875,-2.4434,-0.8438,845.4436,157.6812
1773859977.609485,-5.3184,-1.8125,-1.2937,-2.2686,-0.8499,845.7375,158.1128
1773859977.9351425,-5.5498,-3.2688,-1.5000,-2.8311,-1.2249,845.3938,157.7563
1773859978.2607448,-5.5000,-3.2939,-0.9939,-2.8872,-0.7749,845.9314,158.1001
1773859978.586217,-5.0684,-3.1438,-0.8313,-2.5684,-0.9812,845.9001,157.5190
1773859978.914054,-5.0938,-3.4189,-1.2251,-2.4810,-1.4561,846.2874,158.1812
1773859979.2394514,-4.7188,-3.2500,-1.0750,-2.6187,-1.1936,846.2937,157.5815
1773859979.56472,-5.1499,-3.6313,-1.3938,-2.9434,-1.0562,846.0876,158.3252
1773859979.8918536,-5.5435,-3.5376,-1.6687,-2.4375,-0.7625,847.1750,157.8564
1773859980.2178838,-5.0371,-3.3938,-1.3689,-2.6187,-0.5562,847.3625,157.8315
1773859980.5431113,-5.7813,-3.3625,-1.5500,-2.8560,-0.8999,846.9500,157.6753
1773859980.8696752,-5.9185,-2.8252,-0.9438,-2.4248,-0.9500,847.0437,158.2188
1773859981.197202,-5.7246,-3.5564,-0.9626,-2.8125,-1.2686,847.5623,157.8315
1773859981.5228524,-5.3809,-3.5251,-1.2126,-2.9121,-1.5437,847.5935,157.3687
1773859981.8485663,-5.4624,-3.0188,-1.3376,-2.5498,-0.6812,847.7126,157.9878
1773859982.173346,-5.6436,-3.2500,-0.7876,-2.8125,-1.0811,847.3811,158.0503
1773859982.5011158,-5.4434,-3.5439,-1.4375,-3.1060,-1.0811,847.9685,157.5815
1773859982.8266616,-5.3809,-3.4001,-1.2439,-2.4624,-0.7686,848.1062,158.0249
1773859983.1521904,-5.3872,-3.4314,-1.1626,-2.8936,-1.0938,848.0374,157.6187
1773859983.479962,-5.3750,-3.5439,-1.8438,-2.6685,-0.8750,848.2498,157.8940
1773859983.8049693,-5.8496,-2.7002,-1.6501,-3.0684,-0.6936,847.9124,157.7690
1773859984.1305475,-5.0747,-3.6501,-1.4500,-2.2622,-1.2686,848.4124,158.0503
1773859984.4560773,-5.7686,-3.7251,-0.6189,-2.7437,-0.9749,848.6125,157.5562
1773859984.7831411,-5.5313,-3.8252,-1.5437,-2.7935,-1.1687,848.8250,157.2939
1773859985.1088567,-5.1436,-3.3376,-1.1250,-3.1621,-0.8374,849.2498,157.7188
1773859985.434383,-5.7500,-3.0376,-0.8438,-2.7998,-1.1375,849.0813,157.4751
1773859985.761548,-5.2188,-3.4001,-1.7063,-2.7813,-0.8936,848.8499,157.7002
1773859986.0871067,-5.2500,-3.7751,-1.0625,-3.1184,-0.5938,849.2498,157.3628
1773859986.4130795,-5.4312,-3.8501,-1.2126,-2.5811,-0.9124,849.2751,157.4312
1773859986.7392154,-5.7124,-4.1125,-1.5313,-3.1621,-1.2000,849.9187,157.5127
1773859987.0659382,-4.7373,-3.2751,-1.8689,-2.5249,-1.1436,849.5500,157.7065
1773859987.391553,-5.1997,-3.8313,-1.6563,-2.8184,-1.1187,850.1936,157.4312
1773859987.716832,-5.0747,-3.2813,-1.2563,-2.7437,-0.7625,850.3250,157.6626
1773859988.042491,-5.5059,-3.9189,-1.6250,-2.8374,-0.5686,850.3499,157.5439
1773859988.3699937,-5.0000,-3.6125,-1.4875,-2.9185,-0.5125,850.1438,158.0625
1773859988.6957724,-5.6309,-3.5251,-1.5251,-3.1997,-0.7813,850.3748,157.8315
1773859989.0212765,-5.3062,-3.6377,-1.4500,-2.7559,-0.9500,850.5813,157.6250
1773859989.3488731,-5.2935,-3.0376,-0.8313,-2.9248,-0.9436,850.5374,157.5190
1773859989.6750832,-5.5186,-3.4814,-1.4875,-2.8687,-0.9312,850.9626,157.6812
1773859989.9998899,-5.1309,-3.0500,-1.2876,-3.3059,-0.9624,851.2375,157.1001
1773859990.325545,-5.8623,-3.2314,-1.2188,-2.8750,-0.6624,851.2439,157.1187
1773859990.6529183,-5.6812,-3.2563,-1.1125,-2.8750,-0.6624,851.2498,157.3628
1773859990.978819,-4.9063,-3.8564,-1.3064,-2.8623,-0.8186,851.2937,157.3564
1773859991.3040287,-5.3750,-3.7251,-1.1875,-2.6060,-0.6748,851.5374,157.3999
1773859991.6318414,-5.0684,-3.7876,-1.3250,-2.7813,-0.8750,851.5500,157.4565
1773859991.955961,-5.2813,-3.4626,-1.2375,-2.7310,-0.8750,851.1750,157.7563
1773859992.2829425,-4.9624,-3.3877,-1.3125,-2.5249,-0.5498,851.9939,157.3125
1773859992.6073575,-5.5625,-3.3813,-1.0876,-2.3936,-0.9375,851.2126,157.7002
1773859992.9356797,-5.3750,-3.6689,-1.2439,-2.5059,-0.7373,852.0251,157.4878
1773859993.2613409,-5.8750,-3.5188,-1.0251,-2.0625,-0.8811,852.3376,157.6499
1773859993.5869787,-5.6499,-3.1125,-1.4126,-2.5938,-1.0125,852.0935,157.0874
1773859993.912877,-5.5811,-3.6750,-1.2625,-2.6748,-1.2061,852.1873,157.0503
1773859994.2394693,-5.7437,-3.4375,-1.5000,-2.7813,-0.4812,852.3499,157.1499
1773859994.565221,-5.6812,-2.1250,-1.1250,-2.8809,-1.6123,852.8499,156.8940
1773859994.890577,-5.7437,-3.7688,-1.0125,-2.7813,-1.3311,852.5251,157.1250
1773859995.2183268,-5.5371,-3.6438,-1.6563,-2.7124,-1.4187,852.4060,157.5313
1773859995.5442986,-5.4746,-3.9751,-1.3501,-3.2434,-0.6187,852.5437,156.8315
1773859995.8693256,-5.4121,-3.5688,-1.0876,-2.5874,-1.1311,853.0310,157.8374
1773859996.195265,-5.4810,-3.0439,-1.3438,-2.7622,-1.3999,852.7751,157.3813
1773859996.522006,-5.6685,-3.7439,-1.2937,-2.6621,-0.9436,852.9749,157.0190
1773859996.8485096,-5.8560,-3.2627,-1.0437,-2.6934,-0.6624,853.2874,157.4624
1773859997.1735756,-5.1309,-3.4751,-1.4563,-2.2998,-0.8623,853.1311,157.2690
1773859997.5006344,-5.1997,-3.4688,-1.1814,-2.8125,-0.7249,853.0251,157.1753
1773859997.8266652,-5.5938,-3.1626,-1.2876,-2.3999,-1.0811,853.4373,157.0439
1773859998.1510608,-5.5498,-3.7188,-1.7439,-2.3438,-1.0249,853.8313,156.8877
1773859998.4772055,-4.8936,-3.0188,-1.8313,-3.0559,-1.3499,854.0437,157.3062
1773859998.8047047,-4.8936,-4.0813,-1.3188,-2.6372,-1.2813,853.5437,157.2939
1773859999.1292598,-4.7998,-3.5564,-1.7876,-2.5747,-1.1062,853.6750,157.0625
1773859999.4565318,-4.9624,-3.7126,-1.6250,-2.7813,-0.8811,854.1501,157.0562
1773859999.7828069,-5.3809,-3.6189,-0.8750,-2.5625,-0.7561,853.9250,157.4126
1773860000.1084914,-5.5996,-3.3313,-1.3438,-3.0747,-0.9436,854.2810,156.9189
1773860000.434643,-5.1499,-3.0188,-1.2751,-3.0623,-0.5125,854.1873,156.9878
1773860000.759448,-5.4248,-3.2251,-1.1501,-2.8438,-0.4124,854.0061,156.6250
1773860001.0865602,-5.2061,-3.6125,-0.8125,-2.4624,-0.5999,854.9314,157.0439
1773860001.4132082,-5.5811,-3.7063,-1.7188,-3.0684,-0.8750,854.3689,156.5000
1773860001.7379456,-5.0313,-3.6189,-1.4688,-3.1248,-1.3687,854.5935,157.2437
1773860002.0644243,-5.3936,-3.3064,-1.5188,-2.7437,-1.0313,854.7937,156.8687
1773860002.3921585,-5.9688,-3.5251,-0.6125,-2.9248,-0.7998,854.9250,156.9565
1773860002.7172506,-5.0249,-3.6313,-1.4626,-2.1997,-1.2124,855.0374,157.1440
1773860003.0440788,-5.2246,-3.5188,-1.0376,-2.6436,-1.2813,854.8250,156.5752
1773860003.3698866,-5.3311,-3.6875,-1.2813,-2.2188,-1.0061,854.9500,156.7563
1773860003.6953554,-4.8999,-3.7939,-1.1438,-3.0310,-1.0249,854.8313,157.0562
1773860004.0208988,-5.6621,-3.6250,-0.9250,-2.7124,-0.8687,855.3435,156.9814
1773860004.3464787,-5.0938,-3.3376,-1.4375,-2.9561,-0.8062,855.1814,157.0503
1773860004.6734717,-5.4561,-3.1189,-1.8438,-3.0059,-0.8999,855.5310,156.9126
1773860004.9993641,-5.4434,-3.8750,-0.6875,-3.1873,-1.1123,855.9626,157.2124
1773860005.3238242,-5.6187,-3.7439,-1.2312,-2.9873,-1.1436,855.5876,156.4375
1773860005.651023,-5.8750,-3.1563,-0.9563,-2.5684,-0.7686,856.0251,156.3877
1773860005.9774072,-5.7871,-3.1814,-1.6750,-2.6621,-1.0186,855.5251,156.6753
1773860006.3023689,-5.5811,-3.3438,-1.1626,-2.4434,-0.7625,856.0686,156.5063
1773860006.6285582,-5.4312,-3.6313,-1.6189,-3.1184,-0.8125,855.9500,156.4751
1773860006.9561112,-6.0562,-2.7375,-1.6875,-2.8687,-1.5313,856.2249,156.6626
1773860007.282187,-5.5874,-3.4250,-0.7188,-3.1436,-1.1563,856.0500,156.7627
1773860007.6074638,-5.0562,-3.4688,-1.2625,-2.8247,-1.0313,856.1687,156.8252
1773860007.9336567,-5.8623,-3.8313,-1.0063,-3.2747,-0.8687,856.5061,156.2002
1773860008.2605522,-5.4497,-2.5564,-1.5938,-2.7246,-0.4812,856.2375,156.6753
1773860008.5861363,-5.3311,-3.7563,-1.4688,-2.3809,-1.1187,856.6936,156.6187
1773860008.9110336,-5.2871,-3.5564,-1.3064,-2.9561,-1.2312,856.4812,156.5938
1773860009.2392612,-5.5435,-3.7126,-1.1313,-2.5625,-0.9500,856.5999,156.3125
1773860009.5654023,-5.6187,-3.2314,-1.3064,-2.7373,-0.9375,856.1624,156.5190
1773860009.890607,-5.2500,-3.8938,-1.7751,-2.6436,-0.5999,856.8689,156.8628
1773860010.2162478,-5.7559,-3.6501,-1.0938,-3.1748,-0.7561,856.8313,156.2437
1773860010.5432134,-5.5186,-3.6750,-1.6250,-2.7998,-1.2188,856.4563,156.4624
1773860010.8684754,-5.2124,-3.2876,-1.2063,-2.6997,-0.7874,856.9373,155.9624
1773860011.1948984,-5.8125,-3.6689,-1.6001,-2.6436,-1.6250,857.0750,156.4624
1773860011.5205402,-5.2310,-3.1064,-1.5376,-2.8560,-1.3499,857.1624,156.0190
1773860011.8488915,-5.5059,-3.1501,-1.2375,-2.8062,-0.7312,857.3250,156.3628
1773860012.173044,-6.0000,-3.4626,-1.6626,-2.5747,-0.9436,857.2312,156.0938
1773860012.4978602,-5.2500,-3.3877,-1.2126,-2.7246,-0.9937,857.6189,156.1753
1773860012.8261461,-5.4375,-3.7251,-1.4187,-2.9998,-0.8311,856.7498,156.0376
1773860013.1515594,-5.3999,-3.5376,-1.4187,-2.5122,-0.9375,857.4187,155.9814
1773860013.4770908,-5.0122,-3.2813,-0.8188,-2.9248,-0.8374,857.2498,156.1812
1773860013.8028376,-5.6685,-3.5127,-1.4187,-2.7559,-1.1812,857.2751,156.0190
1773860014.1301255,-5.5186,-3.8376,-1.3438,-2.7871,-0.7188,857.3250,156.3062
1773860014.4555233,-5.2622,-3.1377,-1.9688,-2.6875,-1.2188,857.4436,156.0000
1773860014.7828853,-5.5747,-3.4563,-1.1375,-2.7871,-0.9248,857.5686,155.9312
1773860015.1084657,-5.2061,-3.7751,-1.5063,-2.4810,-0.5938,857.8435,155.9126
1773860015.4341307,-5.7559,-3.2813,-1.4939,-2.7188,-0.9624,857.7249,155.6128
1773860015.7600007,-5.7124,-3.3000,-1.0376,-2.5562,-1.2561,858.1873,155.4814
1773860016.085456,-5.3750,-3.5876,-0.6501,-3.0059,-0.9312,858.1189,156.1187
1773860016.4125109,-5.3438,-3.1501,-1.7688,-2.8687,-1.2937,858.1189,156.1187
1773860016.7387643,-5.4434,-3.0813,-1.4812,-2.3125,-1.1250,858.1750,155.6626
1773860017.0633297,-5.4624,-3.9250,-1.0813,-2.8311,-0.9500,857.9060,155.5127
1773860017.388183,-5.2061,-3.2188,-1.2126,-2.7559,-0.8936,858.4685,155.8940
1773860017.7160227,-5.5000,-3.2939,-1.1375,-3.1060,-1.1436,858.1062,155.9878
1773860018.0419967,-5.8560,-3.7563,-0.9626,-2.8872,-1.1062,857.9939,155.9688
1773860018.367447,-6.0249,-3.8564,-1.3813,-2.6372,-0.4436,858.3689,155.6499
1773860018.6946936,-5.3872,-3.5439,-1.3689,-3.2246,-0.6563,858.2312,155.5376
1773860019.0201225,-5.8560,-3.8188,-0.9939,-2.5186,-0.4248,858.4314,155.8877
1773860019.3461778,-5.3311,-3.3813,-1.2188,-2.7188,-1.1062,858.9060,155.5938
1773860019.672026,-5.8125,-2.3877,-0.6501,-2.7749,-0.6375,858.0623,155.3438
1773860019.9992094,-5.5747,-2.1814,-1.0125,-2.0249,-0.5999,858.4314,155.7437
1773860020.3250735,-5.6621,-3.5063,-1.4751,-2.7188,-0.9561,858.9812,155.5815
1773860020.650051,-5.2437,-4.2314,-1.8438,-3.1497,-1.5125,858.5813,155.6377
1773860020.9769301,-6.0562,-3.6313,-1.2312,-3.2498,-0.9500,858.7126,155.5439
1773860021.3026304,-5.5625,-3.5625,-1.3875,-2.3438,-0.6436,859.1062,155.5249
1773860021.628285,-6.2061,-3.8125,-1.1750,-2.5122,-1.0061,859.2312,155.1064
1773860021.954033,-5.7500,-3.3064,-1.2251,-2.6372,-0.8438,859.0623,155.3877
1773860022.2812438,-5.4121,-3.7002,-1.4626,-2.9934,-0.8499,858.7751,155.1187
1773860022.6065593,-5.8311,-3.8877,-0.9126,-3.3059,-1.1123,859.3000,155.5562
1773860022.932056,-5.2998,-3.4001,-1.1189,-2.5684,-1.1499,859.0564,155.2124
1773860023.2581022,-6.1997,-4.0500,-1.3438,-2.8247,-1.1250,859.2937,155.3438
1773860023.5852172,-5.5498,-3.5063,-1.3250,-2.4937,-0.7500,859.5061,155.2188
1773860023.9099154,-5.6309,-3.1377,-1.1062,-2.5938,-1.0625,859.0437,155.0938
1773860024.2362974,-5.7622,-3.4751,-1.5625,-2.5938,-0.7625,858.9187,155.5063
1773860024.5636342,-5.4375,-3.7627,-1.4314,-3.2246,-1.1687,858.8313,154.9751
1773860024.8889515,-5.9810,-2.5376,-1.6875,-2.6123,-0.6436,859.2751,154.9937
1773860025.2145672,-5.9063,-3.7251,-1.5188,-2.9746,-0.9436,859.6687,155.5439
1773860025.5403426,-5.8374,-3.8938,-0.5188,-2.7188,-1.2561,859.0623,155.5625
1773860025.8678684,-5.9810,-3.1938,-1.4375,-2.9810,-0.7625,859.5125,155.6377
1773860026.1937385,-5.2559,-4.0063,-0.9187,-2.6372,-0.9436,859.6311,155.1313
1773860026.5189722,-5.3311,-3.6250,-0.9875,-2.3560,-0.8438,859.9124,155.5625
1773860026.8458402,-6.1250,-3.4189,-1.4314,-2.6372,-1.5811,859.4500,154.9814
1773860027.1705346,-5.3374,-3.4189,-1.9250,-2.5313,-0.9124,859.1560,155.1187
1773860027.4963067,-6.1123,-3.2563,-0.9250,-2.1934,-0.8687,859.9373,154.5000
1773860027.8228207,-5.9561,-3.6001,-1.4751,-2.8062,-1.1123,859.8748,155.3438
1773860028.1507924,-5.5000,-3.9250,-0.9187,-3.1809,-1.1936,860.3250,154.5688
1773860028.4759269,-5.8623,-3.8564,-1.3938,-2.4810,-0.9749,859.4685,155.4312
1773860028.8015983,-5.7500,-2.6938,-0.7625,-2.8809,-0.8438,859.8562,155.1563
1773860029.127047,-5.2935,-3.5376,-1.8689,-2.6621,-1.0625,860.3376,154.9814
1773860029.4542754,-5.4312,-3.4314,-1.6001,-2.8750,-1.5374,860.2688,154.9688
1773860029.780106,-5.9937,-3.8313,-1.8562,-2.5371,-1.1748,859.9187,154.4751
1773860030.105734,-5.8184,-3.6501,-1.0813,-3.2373,-1.2937,860.5750,155.0874
1773860030.4335563,-5.9434,-3.6689,-1.4875,-3.1621,-0.9873,860.0437,155.0625
1773860030.7583754,-5.3623,-2.6626,-1.0313,-2.7871,-0.9312,860.0061,154.5439
1773860031.084361,-5.5747,-3.8750,-1.4875,-2.5684,-0.6123,860.4436,154.5752
1773860031.4098525,-5.7500,-3.6438,-1.0625,-2.6060,-1.2000,860.8938,155.3628
1773860031.736885,-5.4561,-4.0127,-1.0688,-3.3936,-0.4063,860.0935,154.6938
1773860032.062703,-5.3125,-3.8376,-0.7500,-3.0247,-0.8438,860.7185,154.9189
1773860032.3879786,-5.9937,-3.5313,-1.4438,-3.4622,-1.1375,860.3562,154.7437
1773860032.7150538,-5.7559,-3.8438,-1.5125,-2.9561,-0.6563,860.5374,154.2627
1773860033.0398898,-5.7998,-3.2126,-1.0313,-2.7622,-1.0125,860.8123,154.4253
1773860033.3669431,-6.1436,-3.0813,-0.9875,-2.8623,-0.7437,860.6189,155.0874
1773860033.6918602,-5.8374,-3.5564,-1.3750,-2.7622,-0.3999,860.5437,154.7876
1773860034.019003,-5.7749,-2.7002,-1.4875,-2.5562,-1.3374,860.8376,154.3438
1773860034.3445323,-5.7124,-3.3813,-1.5376,-2.9998,-1.1375,860.8376,154.6812
1773860034.6701984,-5.9688,-3.6875,-1.5376,-2.9873,-1.0625,860.9875,155.1250
1773860034.9956195,-6.2998,-4.1313,-2.0313,-3.0623,-0.8374,860.6624,155.3940
1773860035.322557,-5.9121,-3.7375,-1.1750,-2.5249,-1.1875,861.0437,154.5688
1773860035.6481912,-5.7749,-3.9875,-1.0000,-2.7559,-0.7686,861.1501,154.4937
1773860035.9734135,-5.7500,-3.7126,-0.9001,-2.8750,-0.5061,861.1560,154.3750
1773860036.301302,-5.7188,-3.5813,-1.4688,-2.3623,-0.9375,861.5750,154.5625
1773860036.6261067,-5.7998,-3.4563,-1.5500,-2.8750,-1.1936,860.8938,154.4751
1773860036.9519463,-5.6372,-3.8252,-0.9126,-2.4248,-0.4937,861.4436,154.3062
1773860037.2776124,-6.0186,-3.9814,-1.4187,-3.3059,-0.8499,861.5061,154.8877
1773860037.604954,-5.9121,-4.0376,-1.4500,-2.8809,-0.5061,861.0251,154.4878
1773860037.9298472,-5.5625,-3.6001,-1.1750,-3.1248,-0.7188,861.4749,154.0439
1773860038.2551985,-5.7998,-3.0625,-1.2563,-3.3560,-0.8438,861.0125,154.7378
1773860038.582444,-5.7622,-3.6377,-1.7063,-2.7622,-1.0874,860.9500,153.8940
1773860038.9077764,-5.1685,-3.7688,-1.1189,-2.5498,-0.9063,860.8064,154.8813
1773860039.2332928,-6.2310,-2.8750,-0.9563,-2.4810,-1.1375,861.5437,153.8438
1773860039.560422,-5.5000,-3.6377,-0.8625,-2.8560,-1.0000,861.4373,154.0376
1773860039.8868117,-5.9688,-3.2002,-1.5564,-2.8125,-0.8687,860.9124,154.6499
1773860040.213001,-6.0811,-3.9502,-1.2937,-2.3999,-0.7188,861.4500,154.0000
1773860040.538456,-5.4434,-3.2627,-0.8813,-3.0371,-0.9749,861.4436,153.6001
1773860040.863391,-5.7686,-3.6875,-0.5688,-2.9746,-1.0061,861.1687,154.0625
1773860041.1909804,-5.8936,-3.7751,-1.3000,-2.5811,-0.7937,861.6189,154.0815
1773860041.5166287,-5.6685,-3.5500,-1.5188,-2.7500,-0.7686,861.9250,153.8501
1773860041.8433425,-5.8872,-3.7126,-1.0564,-3.2122,-1.1936,861.5999,153.9624
1773860042.1694572,-5.9063,-2.4502,-1.5688,-2.5249,-0.7561,861.5813,153.6377
1773860042.4953437,-5.5435,-3.4438,-0.7688,-2.4434,-1.2937,861.5935,153.9126
1773860042.820626,-6.1621,-3.5500,-1.3125,-2.6563,-1.0437,861.9939,153.8564
1773860043.146235,-5.8438,-3.3750,-1.2375,-2.9497,-1.0750,861.4812,154.2065
1773860043.4732037,-5.9937,-3.2251,-1.2500,-3.1123,-1.1311,861.5686,154.1064
1773860043.7989726,-5.6309,-3.9250,-0.7312,-3.0996,-0.8499,861.3376,153.9312
1773860044.1246407,-5.3374,-3.8438,-1.1875,-2.0313,-1.0249,862.0125,153.9814
1773860044.4521432,-5.5874,-3.6875,-1.0376,-2.7310,-0.5000,861.7185,153.8940
1773860044.7779467,-6.3374,-3.8064,-1.4375,-2.6187,-0.7000,861.7751,153.8501
1773860045.1033556,-6.1436,-3.6438,-1.6626,-2.7246,-1.3062,862.1750,153.7563
1773860045.4286137,-6.3872,-3.8064,-1.5188,-2.6748,-0.5874,862.1687,153.8750
1773860045.7558837,-6.4121,-3.2751,-1.1563,-3.0996,-1.0625,861.3938,153.8999
1773860046.0815153,-6.1997,-3.6563,-1.3813,-2.5249,-1.1624,861.8313,153.4688
1773860046.407093,-5.9248,-3.8877,-1.7813,-3.1060,-0.9624,862.1687,153.6499
1773860046.732997,-5.9312,-3.6377,-1.0876,-2.8560,-0.7124,861.6062,153.5376
1773860047.0601654,-5.8438,-3.7314,-1.0000,-2.6685,-1.0000,861.9875,153.2939
1773860047.385456,-5.9937,-3.2627,-0.7688,-2.7310,-0.6563,861.8625,153.1499
1773860047.7108424,-5.5938,-3.7188,-1.6814,-2.9063,-0.8186,861.8064,153.7124
1773860048.0382555,-5.6875,-3.1001,-1.7000,-2.9121,-1.0625,862.3625,153.4688
1773860048.3638785,-5.5498,-4.0876,-1.3188,-2.9873,-0.6311,861.9436,153.5938
1773860048.689668,-5.8125,-3.7627,-1.3064,-3.1497,-0.7686,862.1936,153.9502
1773860049.0151544,-6.0435,-3.6313,-1.2813,-2.1875,-1.3250,862.5310,153.3940
1773860049.3424716,-5.3560,-3.8877,-1.2063,-2.6934,-0.6812,861.9314,153.2065
1773860049.6685271,-5.8809,-3.5752,-0.6501,-3.3059,-0.7686,861.8186,153.3438
1773860049.9936655,-6.1748,-3.1189,-1.2500,-2.8062,-1.1812,861.8064,153.9189
1773860050.3214738,-6.0498,-3.6689,-1.3875,-2.8496,-1.2061,861.8250,152.8877
1773860050.6471653,-5.8999,-3.2876,-1.5437,-2.7998,-1.4500,862.6814,153.3687
1773860050.9725947,-6.1372,-3.5813,-1.7688,-2.9746,-0.4248,862.2751,153.7627
1773860051.298256,-5.5562,-3.6189,-0.9375,-2.6187,-1.2625,862.2874,152.9312
1773860051.6252506,-6.0747,-3.5500,-1.4126,-2.7500,-1.4937,862.3625,153.0503
1773860051.9518797,-6.6123,-3.7126,-1.2439,-2.9375,-1.5374,862.6750,153.3750
1773860052.2770312,-5.5874,-2.4688,-1.5500,-2.4746,-0.6436,862.4500,153.0562
1773860052.60299,-6.2871,-3.7876,-1.4500,-2.7813,-0.6936,862.4998,153.5376
1773860052.9299235,-5.4688,-3.6189,-1.5938,-2.5371,-0.8623,862.4749,152.6313
1773860053.2555091,-5.6685,-3.4502,-1.3875,-2.9934,-1.3499,862.3250,153.1626
1773860053.5809438,-5.6997,-3.5439,-1.4751,-2.5684,-0.9124,862.6624,153.6001
1773860053.9076037,-5.5122,-3.1938,-0.8000,-2.6621,-0.7249,862.5188,152.9438
1773860054.234351,-6.1060,-2.8564,-1.1938,-2.7622,-1.1311,862.5876,152.6689
1773860054.5600622,-5.2188,-3.5813,-1.7625,-3.0872,-0.9624,862.3000,152.9312
1773860054.884149,-5.7686,-4.1313,-1.3313,-3.2810,-0.7500,862.2375,152.8750
1773860055.2117667,-6.2686,-3.4001,-1.0938,-2.6997,-0.9375,862.6814,152.8999
1773860055.5374532,-5.7749,-3.4126,-1.8562,-2.7686,-1.4937,862.5251,153.1938
1773860055.8634245,-5.8184,-3.6875,-1.2312,-2.7559,-0.4873,862.1311,152.8125
1773860056.1903923,-5.9810,-4.0127,-1.4314,-2.9248,-0.8125,862.7126,153.0313
1773860056.5161407,-5.4937,-2.7813,-0.6563,-3.2998,-0.7373,862.2249,152.9312
1773860056.8421304,-6.1060,-3.5439,-1.4375,-2.8872,-0.9500,862.7249,152.7749
1773860057.1672506,-5.6250,-3.5313,-1.5564,-2.5371,-1.1250,862.6687,153.0127
1773860057.494456,-5.7813,-3.5688,-0.6001,-3.2185,-1.1375,862.8811,152.8003
1773860057.8201306,-5.9063,-3.7751,-1.3562,-3.7686,-0.9688,862.6311,152.9878
1773860058.145763,-5.9688,-2.8938,-1.6687,-3.4121,-0.4375,862.1750,152.8940
1773860058.4712625,-6.3125,-3.0000,-1.2188,-2.6309,-0.5999,862.4373,152.2188
1773860058.7984986,-5.9624,-3.3313,-1.5125,-3.0310,-0.7749,862.9812,152.9565
1773860059.1243,-6.5435,-3.2002,-1.7000,-3.0811,-0.6250,863.1125,152.9878
1773860059.4496665,-6.0811,-3.7002,-1.4063,-3.0811,-0.5186,863.1687,152.5000
1773860059.7767692,-5.7622,-3.4814,-0.9314,-2.6621,-1.2749,863.4685,152.5127
1773860060.103007,-5.6187,-2.7063,-1.4626,-2.5435,-0.8875,863.3748,152.6563
1773860060.4283378,-5.7559,-3.5000,-0.8125,-3.5559,-1.0498,863.0623,152.3999
1773860060.7539556,-6.1187,-3.5376,-1.6062,-3.2559,-1.1062,862.3748,152.4688
1773860061.0810266,-5.9248,-3.7251,-1.5500,-2.7998,-1.3125,862.8938,152.6313
1773860061.40649,-6.3809,-3.2126,-1.4563,-2.7871,-1.7312,862.8811,152.0313
1773860061.7322228,-5.6250,-3.9563,-1.6375,-2.9375,-0.6311,862.9749,152.4878
1773860062.0588372,-6.1436,-3.5876,-1.8562,-2.6621,-1.3875,862.4001,152.2500
1773860062.3847759,-5.7686,-3.5313,-1.6501,-3.0684,-0.6563,863.5437,152.3564
1773860062.7104878,-5.9497,-3.3813,-1.1626,-2.9934,-1.1812,863.0500,151.8813
1773860063.0364869,-6.1997,-3.8438,-1.1125,-2.8247,-0.6187,862.8689,152.0000
1773860063.363406,-5.5435,-3.7627,-1.4751,-3.2935,-0.5811,863.1750,152.2500
1773860063.688796,-5.8623,-3.4375,-1.2563,-2.7124,-1.3875,863.5374,152.2251
1773860064.0140636,-5.8560,-3.1313,-1.0125,-2.6563,-1.0000,862.5813,152.4253
1773860064.3397062,-6.2871,-3.8750,-1.6250,-2.7500,-1.0437,862.7810,152.3438
1773860064.6669261,-5.6997,-3.5564,-0.7625,-2.8809,-1.0374,863.1125,152.0313
1773860064.992289,-5.8999,-3.7813,-1.4500,-3.0935,-1.1187,863.2625,152.2939
1773860065.3191164,-5.9375,-3.5188,-1.4626,-2.9561,-1.3562,863.1560,152.4063
1773860065.6461554,-5.8247,-3.8252,-1.2126,-3.5684,-0.9436,862.9187,151.9688
1773860065.9710119,-5.9312,-3.6626,-1.2375,-2.7559,-1.1624,862.8748,152.0562
1773860066.2975657,-6.0059,-3.0251,-0.8064,-3.0935,-1.1187,863.0564,151.5376
1773860066.622418,-5.5059,-3.8438,-0.9500,-2.8623,-1.0437,863.1125,151.8062
1773860066.9498286,-6.0811,-3.1563,-1.4939,-2.4688,-1.1936,863.1438,152.5625
1773860067.275539,-6.1187,-3.1689,-1.3438,-2.5562,-0.8623,863.1375,151.9063
1773860067.6013367,-5.6499,-3.9375,-1.8313,-2.6875,-1.2561,862.9436,151.8877
1773860067.9277158,-6.4375,-3.1938,-1.6687,-2.9185,-1.2249,863.2063,151.5127
1773860068.2531781,-5.9434,-3.0500,-1.0313,-3.1685,-1.2000,863.3748,152.0938
1773860068.5796866,-6.1187,-3.6250,-1.5437,-2.8311,-0.7998,863.1814,151.5190
1773860068.9041193,-6.2559,-3.8938,-1.6938,-2.5498,-0.5625,863.3748,151.9438
1773860069.2325537,-6.5122,-3.2939,-1.6687,-2.5996,-1.3125,863.4187,151.7876
1773860069.5578058,-6.1123,-3.7688,-1.0437,-2.9312,-1.0249,863.2185,151.4502
1773860069.8827932,-5.4937,-3.2563,-1.4126,-2.8750,-0.6436,862.8938,151.7500
1773860070.209152,-6.3999,-3.6875,-0.6938,-3.3123,-0.9561,863.0750,151.5815
1773860070.5370214,-5.7373,-4.2688,-1.5500,-3.1248,-1.0061,863.4314,151.2939
1773860070.862086,-6.0186,-3.7375,-1.1313,-2.8560,-1.2312,863.4626,151.2251
1773860071.1882024,-6.2749,-3.5625,-1.1189,-2.8438,-1.3125,863.2874,151.3940
1773860071.5143402,-6.2373,-3.7500,-1.3313,-2.8560,-1.0000,863.2561,151.4253
1773860071.8399365,-6.2310,-3.8064,-1.6875,-3.0559,-1.3875,863.5125,151.8564
1773860072.1652956,-5.9688,-3.5313,-1.3562,-3.1184,-1.2561,864.0750,151.3628
1773860072.4915018,-6.0435,-3.2375,-1.5125,-2.9497,-0.6250,863.6624,151.6128
1773860072.8184705,-6.0249,-3.7002,-1.0688,-3.0559,-1.2312,862.7126,151.7500
1773860073.144258,-6.2061,-4.0813,-1.1250,-2.9561,-1.3250,863.4187,151.4502
1773860073.4701355,-5.8623,-3.4814,-1.6001,-2.4312,-1.4124,863.4500,151.4375
1773860073.7965288,-5.9746,-3.6563,-1.0376,-2.5435,-1.1875,862.9060,150.9126
1773860074.1222174,-6.1812,-3.9314,-1.2000,-2.6997,-0.9812,864.0188,151.6626
1773860074.4478261,-5.7061,-2.8000,-0.8750,-2.5811,-1.1062,863.7312,150.9624
1773860074.7734303,-5.6748,-3.7563,-1.0564,-2.6187,-1.0313,863.2439,150.7876
1773860075.1009288,-6.1436,-4.1626,-1.1626,-3.0186,-1.1062,863.1375,151.0439
1773860075.4262607,-6.3247,-3.7563,-1.7439,-3.0623,-1.0249,863.5564,151.5688
1773860075.751813,-6.1997,-3.8376,-1.3750,-2.6748,-0.7625,863.8748,151.0127
1773860076.0776465,-6.4937,-3.4001,-1.6375,-3.3372,-1.1624,863.0500,151.3999
1773860076.40483,-5.3750,-3.7500,-1.1626,-2.7998,-0.5437,863.3875,150.9063
1773860076.7302344,-6.6621,-3.8564,-1.5251,-2.8438,-1.2561,863.0876,151.2563
1773860077.0559707,-6.5811,-3.8501,-1.9875,-2.5874,-1.3811,864.0686,150.6313
1773860077.3830235,-6.2373,-3.5938,-1.4939,-3.2622,-1.2249,863.8811,150.9624
1773860077.7086246,-5.8062,-3.4250,-1.7000,-2.8936,-1.1563,862.7312,150.6001
1773860078.0331898,-6.3872,-3.8252,-1.7000,-3.0186,-1.2625,863.2312,151.1563
1773860078.359391,-6.6123,-3.1814,-1.4375,-2.7935,-0.7188,863.5310,151.0000
1773860078.6872153,-6.2124,-3.7188,-1.3689,-2.5498,-0.9063,863.8625,150.7065
1773860079.0127218,-5.6309,-2.4502,-1.3813,-2.9998,-0.8311,863.3123,150.5874
1773860079.3381808,-5.7437,-3.2813,-1.7188,-3.1621,-1.0811,863.1687,150.5938
1773860079.6652327,-6.3560,-3.8438,-1.4438,-3.0935,-0.8687,863.7688,150.7627
1773860079.9908528,-6.3560,-3.5625,-1.1250,-3.0435,-1.2312,863.4373,150.3940
1773860080.3163784,-6.3623,-3.5376,-1.2439,-2.5435,-1.0437,863.2688,150.8315
1773860080.6424892,-6.3374,-3.2876,-0.7251,-3.0996,-1.4561,863.4500,150.3501
1773860080.969487,-6.5874,-3.2876,-1.2439,-3.1060,-0.9500,863.5061,150.4565
1773860081.2952547,-5.8311,-3.7813,-1.4126,-3.1809,-1.0374,864.0750,150.7437
1773860081.6212947,-6.3936,-2.6064,-0.8625,-2.9248,-0.9248,862.9500,150.4751
1773860081.9463181,-5.9312,-3.9001,-1.3188,-2.4688,-1.2625,863.6873,150.6689
1773860082.2732809,-5.9375,-3.4751,-1.3064,-2.7813,-1.2625,863.6311,150.6563
1773860082.5990949,-5.5996,-3.0127,-1.1501,-3.0747,-1.8499,863.7625,150.0874
1773860082.9249976,-5.5562,-3.2188,-1.5813,-2.8125,-0.8250,863.4749,150.4751
1773860083.2519672,-6.2813,-3.6377,-1.4563,-2.9998,-1.2124,863.6814,150.2437
1773860083.577503,-6.2813,-3.6377,-1.0625,-2.7686,-0.6375,863.5310,150.2002
1773860083.90314,-5.9312,-3.0813,-1.2876,-2.5684,-0.7937,863.8000,150.1938
1773860084.2287347,-6.1309,-3.1189,-1.7063,-3.4309,-1.1499,863.3250,150.1499
1773860084.5556543,-6.4434,-2.8313,-1.1438,-3.1184,-1.4812,862.9187,150.3125
1773860084.8806043,-5.7998,-3.9751,-1.4001,-2.7559,-1.2500,863.3376,150.0439
1773860085.2058578,-6.3560,-4.0938,-1.3188,-3.1309,-1.4561,863.5999,150.7188
1773860085.5338588,-6.4375,-3.5876,-1.5125,-2.9873,-1.0061,863.7874,150.3438
1773860085.8586864,-5.9434,-3.5876,-1.4500,-3.4934,-0.8186,863.7561,150.3628
1773860086.185171,-6.5313,-3.7688,-1.4001,-3.0498,-0.4561,863.4001,150.3438
1773860086.5110524,-6.1812,-3.9250,-0.6938,-3.3496,-1.0437,863.7810,150.4438
1773860086.8392224,-5.9375,-3.1626,-1.4001,-3.0059,-1.0374,864.0564,150.5439
1773860087.1636992,-6.4312,-3.8252,-1.1313,-2.7749,-1.3374,864.2185,150.5938
1773860087.489127,-6.0371,-4.2813,-1.5813,-3.2747,-0.6563,863.5310,149.9312
1773860087.8145998,-6.3062,-3.4563,-1.5251,-2.5747,-1.5562,863.6750,150.0313
1773860088.1417449,-6.4312,-3.8938,-1.5000,-2.5435,-0.9688,863.6125,149.9253
1773860088.467208,-6.3999,-4.0752,-1.2563,-2.5684,-1.6812,863.6438,150.1563
1773860088.7930365,-6.6997,-3.3501,-0.6062,-2.6372,-1.3499,863.5061,150.1753
1773860089.1200287,-6.2622,-3.8813,-1.1875,-3.1560,-1.3623,863.8689,149.8315
1773860089.4458325,-6.1875,-3.2126,-0.9751,-2.9434,-1.1311,863.7810,150.1064
1773860089.771842,-5.8872,-2.9875,-0.9812,-2.7437,-1.1624,863.8499,150.1313
1773860090.0968404,-6.5313,-2.7627,-1.0813,-2.9312,-1.0938,863.3689,150.1753
1773860090.4239457,-6.1372,-3.3125,-1.1875,-2.7686,-1.1250,863.3875,149.6812
1773860090.7496126,-6.3872,-2.1875,-1.2188,-2.6499,-1.0686,863.4187,150.1563
1773860091.0753164,-6.2061,-3.7188,-1.3250,-3.0747,-1.1748,863.4875,149.8877
1773860091.4023461,-5.9185,-3.4563,-0.7500,-3.4873,-1.3438,863.4314,149.5562
1773860091.7279668,-6.3687,-3.6814,-1.2813,-3.1436,-1.4187,863.9124,150.0313
1773860092.053514,-5.8872,-3.7251,-1.5376,-3.0122,-1.6123,863.9998,150.3003
1773860092.3792405,-6.5435,-3.8750,-1.0251,-3.2246,-1.4812,863.3376,149.2124
1773860092.7063093,-6.1685,-3.7876,-1.7625,-4.0371,-1.0313,864.2000,150.0562
1773860093.0312412,-6.2310,-3.4063,-1.1938,-3.4622,-1.1936,863.4060,149.8125
1773860093.3573403,-5.3374,-3.4626,-1.2312,-3.0310,-1.4500,863.4939,149.5313
1773860093.6830192,-6.1621,-4.1563,-1.1563,-3.5935,-0.9688,863.7874,150.1875
1773860094.010147,-5.9624,-3.5625,-1.3625,-3.0435,-1.5125,863.9124,149.3877
1773860094.3359425,-5.8623,-3.8376,-1.4126,-3.3496,-0.5874,863.4436,149.4751
1773860094.6616025,-6.3184,-3.5251,-1.0938,-3.2246,-1.1436,863.3250,149.7002
1773860094.9892104,-5.8438,-3.8252,-1.4001,-2.9810,-1.0249,863.7439,149.9502
1773860095.3142715,-6.3750,-4.0063,-1.5938,-3.4060,-1.2000,863.4250,149.0938
1773860095.6399817,-6.3374,-3.2813,-1.7751,-3.6060,-1.6563,864.2937,149.8125
1773860095.9655547,-6.9312,-3.7063,-1.5625,-2.9873,-1.0249,863.9250,149.1563
1773860096.2927413,-6.2813,-3.6313,-1.0125,-2.5435,-1.6687,863.4939,149.7251
1773860096.618089,-6.4063,-3.7126,-1.7688,-2.8247,-1.0374,863.8562,149.2124
1773860096.9439929,-5.8999,-3.8625,-1.7375,-2.9434,-1.7312,864.0437,149.3877
1773860097.2709467,-6.4121,-4.0564,-1.7375,-3.0872,-1.2061,864.3376,149.2065
1773860097.5966852,-6.4561,-3.5439,-0.8501,-2.8374,-1.0249,863.2185,149.4688
1773860097.9229124,-6.2686,-3.1438,-1.1687,-3.0310,-1.5249,863.7688,149.0190
1773860098.2477245,-6.0059,-3.2939,-1.2063,-2.7871,-1.2813,864.0437,149.2437
1773860098.574847,-6.7998,-3.1626,-1.7937,-2.6875,-1.5811,863.9124,149.1377
1773860098.9004626,-6.1563,-3.4375,-1.0251,-3.0498,-1.1563,863.3562,149.0625
1773860099.2260978,-6.2246,-3.6125,-1.5063,-3.4622,-1.1311,863.3811,149.4063
1773860099.5517287,-6.0811,-4.0313,-1.7375,-2.9998,-1.2561,863.6624,149.0938
1773860099.8788912,-6.6250,-3.7876,-1.7813,-3.2998,-1.3623,863.8499,149.3564
1773860100.2049387,-6.6250,-3.6938,-0.9438,-2.5684,-0.6499,863.7625,149.1187
1773860100.5304365,-6.3438,-3.3689,-0.9314,-2.8311,-1.2937,864.0999,148.9438
1773860100.8580012,-7.0313,-3.7375,-1.3689,-3.2122,-1.6875,863.8435,148.8252
1773860101.183355,-6.5059,-3.9939,-1.3875,-2.8687,-0.9375,863.8625,149.0439
1773860101.5087729,-6.5874,-3.8188,-1.0876,-2.9998,-1.1499,863.3625,148.9937
1773860101.8344343,-6.2188,-4.2751,-1.3250,-3.0559,-1.2437,863.7000,148.6689
1773860102.1617746,-6.1187,-3.7876,-1.5750,-2.8936,-1.5750,863.9998,148.9126
1773860102.4874015,-6.2686,-3.6626,-1.5564,-3.3809,-1.4187,864.5188,148.3813
1773860102.8126113,-6.5059,-4.2126,-1.8625,-3.1560,-1.6123,862.8123,148.4878
1773860103.1398737,-6.4248,-3.5500,-1.5813,-2.7871,-1.5125,863.5310,148.9878
1773860103.4645772,-6.1934,-3.7500,-1.6563,-3.4060,-1.5874,863.7126,149.0063
1773860103.791008,-5.7871,-3.9314,-1.3501,-2.8623,-1.8750,863.6125,148.6626
1773860104.1162643,-6.3496,-3.7939,-1.2937,-2.8184,-1.7500,864.1125,149.0874
1773860104.4435046,-6.3374,-3.5188,-0.8689,-2.9622,-1.5498,864.2312,148.2437
1773860104.7689042,-6.5938,-3.5000,-1.3064,-3.7559,-1.2874,863.8748,148.4624
1773860105.0944722,-6.8999,-3.5063,-1.8938,-3.6748,-1.5249,864.5188,148.8501
1773860105.4201365,-6.3750,-3.6189,-1.2625,-3.2185,-1.7437,864.4939,148.0503
1773860105.7473946,-5.9185,-3.7002,-1.1626,-3.3184,-1.3250,863.3938,148.7378
1773860106.0732121,-6.5996,-3.3188,-1.4187,-2.7622,-1.0374,864.1125,148.3438
1773860106.3984313,-6.1123,-2.5688,-1.0500,-2.8438,-1.5686,863.8313,148.8628
1773860106.7256343,-5.9624,-4.0188,-1.4500,-2.6309,-0.8623,864.0623,148.5562
1773860107.0512702,-6.6621,-3.9063,-1.6501,-3.1997,-1.3687,863.4060,148.5313
1773860107.376933,-6.6436,-3.8313,-1.2500,-2.5996,-1.3186,864.0999,148.3628
1773860107.702455,-7.0562,-4.0251,-1.3188,-3.1934,-1.1748,864.3313,148.6250
1773860108.0291657,-6.5249,-4.0063,-1.2000,-3.1748,-0.8499,863.7185,148.1187
1773860108.3560042,-6.0498,-3.8938,-1.2563,-3.4561,-0.9187,863.5564,148.2500
1773860108.6812103,-6.5938,-2.9375,-1.0938,-3.1873,-1.5186,863.9187,148.5249
1773860109.0082378,-6.8750,-3.7063,-0.8438,-2.6934,-1.5498,863.6248,148.2378
1773860109.3340864,-6.9248,-4.1875,-1.3501,-3.5559,-1.3750,863.6375,148.1001
1773860109.659775,-6.3936,-3.3877,-1.6375,-3.5371,-0.9561,863.2810,148.1128
1773860109.985703,-6.5435,-4.0938,-1.0564,-3.2185,-0.9688,863.8748,147.9438
1773860110.3132699,-6.1563,-3.7439,-0.7937,-2.9746,-1.4873,864.2625,147.6499
1773860110.6383643,-6.4312,-4.2375,-1.4812,-3.2622,-1.7373,863.5935,148.1938
1773860110.9640622,-5.9185,-3.4939,-1.3438,-2.8374,-1.6250,863.7439,148.0439
1773860111.2903512,-6.6123,-2.8938,-1.4939,-3.3560,-1.8875,863.3186,148.1064
1773860111.6168911,-6.8809,-3.3689,-1.6687,-2.9063,-1.1436,863.4563,148.2378
1773860111.943196,-6.7686,-3.8564,-0.7688,-2.9185,-1.3999,863.7185,148.0625
1773860112.2684574,-6.8438,-4.1875,-1.4812,-3.2810,-1.4937,864.1438,148.5313
1773860112.5955734,-6.1997,-3.2939,-0.6501,-3.3748,-1.2998,863.7375,148.3940
1773860112.9208841,-6.2373,-4.2126,-1.2063,-3.6309,-1.0249,863.2937,148.3501
1773860113.2462873,-6.0811,-3.7126,-1.4812,-3.1497,-1.1936,863.5437,148.1187
1773860113.5720687,-6.4624,-4.0564,-1.8125,-3.1621,-1.7188,863.6311,147.9438
1773860113.8991115,-6.6372,-3.7439,-1.6313,-3.5371,-1.8438,864.0876,147.9126
1773860114.2250535,-6.8184,-3.5813,-1.7063,-3.2498,-1.5249,864.0374,148.1001
1773860114.550387,-6.7813,-4.1875,-1.4500,-3.4685,-1.4873,863.7185,148.0376
1773860114.8768013,-6.7998,-4.2939,-1.6814,-3.1123,-1.1875,864.3186,147.9253
1773860115.2030735,-6.7437,-4.2439,-2.0000,-3.4998,-1.6187,863.6062,147.6440
1773860115.5291681,-6.3750,-2.6689,-1.5376,-3.2246,-1.4624,863.8499,148.0938
1773860115.8546906,-6.6621,-3.6064,-1.1438,-3.4685,-1.8250,863.7249,148.0313
1773860116.181813,-7.2813,-4.0876,-1.3376,-3.6123,-1.7937,863.7439,147.9565
1773860116.5072865,-6.9746,-3.9563,-1.4438,-3.4373,-1.6123,863.5437,148.1499
1773860116.8338187,-6.8623,-4.1563,-1.6125,-3.3372,-1.3125,863.5686,147.6128
1773860117.1595051,-6.8872,-3.1626,-1.5063,-3.4934,-1.6123,864.0061,147.7749
1773860117.4853513,-6.7310,-4.3938,-1.3875,-3.3247,-1.4248,863.9187,147.7314
1773860117.811533,-7.0122,-3.8501,-1.7500,-2.8374,-1.2312,863.8064,147.5249
1773860118.1371944,-7.1621,-3.3625,-1.2126,-3.3936,-1.5437,863.6501,147.4312
1773860118.4644082,-6.8560,-4.1250,-1.2500,-3.6809,-1.6311,864.0437,147.0376
1773860118.7901595,-6.3438,-4.0500,-1.0688,-3.4561,-1.4749,863.5500,147.4189
1773860119.1150851,-7.0435,-3.5625,-1.4375,-3.4373,-1.6375,863.4250,147.4937
1773860119.4419682,-6.5874,-3.3313,-1.8875,-3.4810,-1.9500,863.6750,147.2188
1773860119.7690253,-6.6250,-3.9001,-1.8750,-3.5811,-2.2500,864.0251,147.1377
1773860120.0948982,-7.0186,-3.7126,-1.2251,-3.4622,-1.6499,863.5251,147.6626
1773860120.4198368,-6.8936,-3.7876,-1.4438,-2.8872,-2.1499,863.5564,147.1626
1773860120.7469215,-7.1934,-3.4626,-1.3064,-3.4434,-1.6062,863.5564,147.1250
1773860121.0724225,-6.6499,-3.5376,-1.1438,-3.1997,-1.5000,863.6125,147.2251
1773860121.3980424,-6.7749,-3.0752,-1.7188,-3.4373,-1.6375,863.4939,147.3564
1773860121.723963,-6.5811,-4.0564,-1.6750,-3.2998,-1.4436,863.6189,147.3188
1773860122.0507507,-6.4624,-3.8252,-1.7937,-3.1497,-1.4937,864.0564,147.0063
1773860122.3763354,-6.5747,-3.5063,-1.9688,-3.8123,-1.5000,863.3625,146.8999
1773860122.7018652,-6.8809,-3.5439,-1.1062,-3.4561,-1.2874,863.8186,147.2690
1773860123.0274513,-6.9185,-3.8376,-1.4187,-3.5935,-1.6250,864.1311,147.1377
1773860123.3545656,-7.3623,-3.9001,-1.7063,-3.3684,-1.4436,863.4124,146.9126
1773860123.6803405,-6.9185,-4.0127,-0.8501,-3.1497,-1.9500,864.1873,147.5503
1773860124.0065186,-6.6250,-3.4626,-1.5688,-3.2434,-1.4248,863.3748,146.8750
1773860124.3330753,-6.6875,-3.3877,-1.5063,-3.2998,-1.2686,863.9563,147.0874
1773860124.658949,-7.0435,-4.0127,-1.1125,-3.5371,-1.5938,863.2810,146.9937
1773860124.9839957,-7.0625,-2.7563,-1.8064,-3.1560,-2.0374,863.3376,147.1250
1773860125.3094668,-7.0996,-3.5500,-1.4001,-3.2498,-1.8623,863.2688,146.0313
1773860125.6367252,-7.1934,-3.0376,-1.4563,-3.0371,-1.2500,862.8748,146.6187
1773860125.9623709,-7.0874,-3.5876,-1.3501,-3.3123,-1.9561,863.6687,147.1499
1773860126.2880423,-7.0371,-3.9875,-1.2937,-3.5186,-1.8499,863.4939,146.5752
1773860126.614676,-6.6250,-3.9751,-1.7625,-3.1309,-1.5750,863.5686,146.5439
1773860126.9392624,-6.6436,-4.1875,-0.9875,-3.6309,-1.8687,863.4998,146.5562
1773860127.2657735,-6.5000,-3.9126,-1.7937,-3.2686,-1.4375,863.3811,146.6499
1773860127.5912926,-6.3999,-3.8188,-1.7751,-3.3123,-1.7437,863.5437,146.4751
1773860127.9184659,-7.1997,-4.0876,-1.4187,-3.5623,-1.9624,864.1062,146.6313
1773860128.2441437,-6.9810,-3.6438,-1.4626,-3.3809,-1.8062,863.5935,146.7065
1773860128.5700579,-6.9561,-3.9875,-1.0750,-3.4561,-1.3936,863.3748,146.7188
1773860128.8945384,-7.1812,-3.5313,-1.9063,-3.2998,-1.7124,863.5061,146.2500
1773860129.2224934,-6.7813,-4.0752,-0.8689,-3.4622,-1.3186,863.6873,146.8374
1773860129.5478177,-6.8062,-4.1938,-1.9063,-3.4685,-2.1687,863.3811,146.3315
1773860129.872923,-6.7061,-4.1875,-0.7251,-3.2310,-1.5498,863.5188,147.0376
1773860130.200822,-6.7559,-3.6689,-1.7000,-3.0559,-1.4812,862.9939,146.2563
1773860130.5264392,-6.5625,-4.0188,-1.7375,-3.7246,-1.5938,863.2751,146.3999
1773860130.8520176,-6.7813,-3.8188,-1.0376,-3.0747,-1.4187,864.0437,146.6812
1773860131.1774342,-6.9624,-4.0625,-1.5750,-3.3936,-2.0186,863.3313,146.3940
1773860131.504542,-7.1812,-3.5688,-1.7375,-2.8750,-1.4624,864.1624,146.4253
1773860131.8301978,-6.4497,-4.2939,-1.8313,-3.4497,-2.0562,863.1814,146.6187
1773860132.1557703,-7.0000,-3.9001,-1.9939,-3.4873,-1.9124,863.6189,146.5127
1773860132.4830105,-6.7188,-3.9688,-1.4250,-3.6560,-1.4688,863.8435,146.3374
1773860132.8086402,-6.6685,-3.9250,-1.6563,-3.5186,-1.5061,863.1687,146.2002
1773860133.134639,-6.9185,-4.4438,-1.6563,-3.2061,-1.4248,864.0125,146.2876
1773860133.4602287,-6.7061,-3.8125,-1.6125,-3.2559,-2.0874,863.7185,146.1128
1773860133.7871795,-6.5371,-3.9626,-0.6375,-3.6060,-1.6123,863.6814,146.6001
1773860134.1127434,-7.1563,-3.8438,-1.0437,-3.1997,-1.6875,862.9250,146.3877
1773860134.4385252,-7.1436,-3.7688,-1.8562,-3.2871,-1.7000,863.5750,146.1626
1773860134.7641885,-7.0371,-3.7251,-1.9563,-3.3496,-2.0625,863.6687,146.0752
1773860135.0915177,-6.7871,-4.4126,-2.0125,-3.5996,-1.7000,863.4563,146.0625
1773860135.416737,-6.6812,-3.5000,-1.7813,-3.7185,-1.8875,863.2375,145.8750
1773860135.7425768,-7.0996,-3.7627,-1.7625,-3.6997,-1.7937,863.3689,146.3374
1773860136.0696404,-6.8184,-3.6313,-1.2876,-3.4434,-1.3687,863.2375,145.8188
1773860136.3951185,-6.5435,-4.0500,-1.4438,-3.5186,-1.9624,863.5437,146.3374
1773860136.7210753,-6.8247,-3.4939,-1.3064,-3.4434,-1.6499,864.0251,145.8687
1773860137.0464287,-6.6875,-3.2375,-1.4500,-3.0059,-2.1624,863.5188,146.4375
1773860137.3739793,-6.6499,-4.4751,-1.3125,-3.4434,-1.8250,863.3689,145.9814
1773860137.6993701,-6.9121,-4.0500,-1.7063,-3.3809,-1.5625,863.7498,145.5688
1773860138.0251253,-6.7437,-4.2251,-1.3376,-3.0684,-1.8811,863.6062,145.7437
1773860138.351849,-6.8872,-3.8125,-1.2500,-3.7559,-1.6123,863.5251,145.7627
1773860138.677931,-6.7246,-3.8000,-0.9875,-3.1873,-1.0999,863.4998,145.5938
1773860139.0030584,-7.5874,-3.8000,-1.6687,-3.7122,-1.7249,863.2000,145.7314
1773860139.3288088,-7.3311,-2.9751,-1.5688,-3.2998,-1.6748,862.8000,145.4751
1773860139.655967,-7.5371,-4.0251,-1.8064,-3.3623,-1.8311,863.6062,145.3877
1773860139.981817,-7.0186,-3.8813,-1.4875,-2.9434,-2.0625,863.2249,145.1250
1773860140.3078406,-6.3062,-3.4375,-1.5876,-3.2871,-1.2373,863.5999,145.7437
1773860140.6330545,-6.5996,-4.2751,-1.2937,-3.3623,-1.2937,863.3000,145.7188
1773860140.9599683,-7.0684,-3.9502,-1.2500,-3.4685,-1.5125,863.0125,145.4312
1773860141.2853851,-6.9937,-4.4001,-1.4688,-3.1809,-1.2124,863.1375,145.5874
1773860141.610947,-7.4497,-4.2500,-0.9375,-4.0498,-1.3250,863.8811,145.5190
1773860141.937619,-6.3623,-3.2627,-1.8000,-3.1436,-1.5625,863.6189,145.3062
1773860142.2636967,-7.0059,-3.7002,-1.6687,-3.5122,-1.8623,863.5437,145.1563
1773860142.5899754,-7.0059,-3.7627,-1.2813,-3.4561,-1.3062,863.2000,144.9937
1773860142.9153385,-7.1685,-3.7063,-1.0688,-3.0623,-1.4312,863.4500,145.4814
1773860143.2421014,-7.4746,-3.6313,-1.4626,-3.2061,-1.8999,863.5935,145.5249
1773860143.5676405,-6.7686,-3.9502,-1.0938,-3.3684,-1.4749,863.4685,144.8999
1773860143.8931122,-7.1563,-2.9688,-1.3000,-3.9561,-1.9561,863.1248,145.7500
1773860144.2204258,-6.8936,-4.8564,-1.2126,-3.6621,-1.3875,863.5125,145.2378
1773860144.5462167,-6.6436,-3.6689,-0.9812,-3.5435,-1.9375,863.6248,145.0190
1773860144.872799,-6.6187,-3.4563,-1.0876,-4.1123,-1.8936,863.4187,144.9878
1773860145.1977882,-6.2246,-3.3750,-1.5376,-3.8623,-2.0686,863.1189,144.5190
1773860145.5250382,-7.1060,-3.8564,-1.1938,-3.4685,-0.8750,863.2625,145.2939
1773860145.8510232,-6.6499,-3.5876,-1.6687,-3.6372,-2.0125,863.1501,145.3877
1773860146.1758132,-7.0874,-3.7939,-1.3875,-3.1621,-1.6250,863.6873,145.4565
1773860146.5018632,-6.4063,-3.1689,-1.6938,-3.5435,-1.9937,862.9875,145.4565
1773860146.8288774,-7.3750,-3.2939,-1.7751,-3.2373,-1.9124,863.4373,145.1812
1773860147.1541765,-7.3184,-3.6938,-1.3438,-3.4934,-1.4873,862.9373,144.5562
1773860147.4797096,-6.8809,-3.7251,-1.7937,-3.9434,-1.3687,863.5374,145.0503
1773860147.8066204,-7.0371,-3.9626,-2.3000,-3.4497,-1.3062,863.3376,144.9565
1773860148.1324604,-6.7188,-3.9814,-1.5938,-2.7124,-1.8750,863.7312,144.6938
1773860148.4583068,-6.7310,-3.7876,-1.6687,-3.2998,-1.7686,863.6750,145.4126
1773860148.7829561,-6.6748,-3.5500,-1.3625,-3.6060,-1.7312,863.4436,145.0874
1773860149.1107209,-7.2559,-4.0876,-1.9812,-3.2373,-1.9063,863.0813,144.9126
1773860149.4364088,-7.3872,-3.6814,-1.2312,-3.4934,-1.6375,863.3875,144.8687
1773860149.7617466,-7.3438,-4.1875,-1.6501,-3.4685,-2.0750,863.6687,144.9253
1773860150.0884526,-6.8809,-2.8125,-1.2188,-3.2871,-1.4063,863.2126,144.6064
1773860150.4152489,-7.1499,-4.4751,-1.4001,-3.5935,-2.1250,863.5125,144.4063
1773860150.7403018,-7.0371,-3.6001,-1.5625,-3.5996,-1.5562,863.8250,144.9312
1773860151.0659149,-6.6934,-3.2063,-1.4250,-3.6436,-1.6499,862.8376,144.8003
1773860151.392947,-7.4561,-4.2251,-1.5688,-3.4497,-1.5498,863.1125,144.8501
1773860151.719095,-7.1748,-4.2002,-1.3376,-3.5872,-1.6624,863.0686,144.6001
1773860152.0439277,-6.9688,-4.1377,-1.5876,-3.5122,-1.6687,863.1687,144.8750
1773860152.3699229,-6.8872,-3.7126,-1.7688,-3.4185,-1.8438,863.2688,144.4624
1773860152.696875,-7.3687,-3.6001,-1.7937,-3.4622,-1.6062,863.4187,144.7500
1773860153.0225706,-7.0122,-4.0876,-2.0938,-3.6621,-1.9248,863.5251,144.5815
1773860153.348097,-6.8872,-3.9626,-1.7625,-3.3247,-1.9561,862.6873,144.4814
1773860153.675505,-7.5371,-4.0188,-1.7375,-3.5310,-1.7312,863.4563,144.7251
1773860154.000841,-6.9937,-4.0063,-1.9250,-3.3372,-1.5625,863.0750,144.5313
1773860154.3269637,-6.7871,-3.9314,-2.0688,-3.4185,-1.6936,862.7063,144.2251
1773860154.6530294,-7.1436,-4.1814,-2.1125,-3.3936,-1.9749,862.9124,144.7690
1773860154.9803166,-6.9937,-4.3064,-1.8250,-3.6184,-1.5625,863.1624,144.3003
1773860155.305474,-6.8496,-4.1438,-1.8438,-3.3997,-2.0437,862.7249,144.1938
1773860155.6312604,-7.7749,-3.7876,-1.6125,-3.4373,-1.9688,862.8689,144.0249
1773860155.9574988,-7.4434,-3.5188,-1.2439,-3.3684,-1.8811,863.2375,144.6187
1773860156.2833323,-7.4497,-3.7813,-1.4939,-3.6372,-1.8687,862.8123,144.3188
1773860156.6093092,-7.5059,-3.2126,-1.3750,-3.1997,-1.8750,863.0564,144.2124
1773860156.9347625,-7.1812,-2.9626,-1.5376,-3.5498,-1.7061,862.9812,144.2749
1773860157.261716,-7.1997,-4.3564,-1.4063,-4.0435,-1.9312,862.9998,143.9375
1773860157.58716,-7.1748,-4.2813,-1.4063,-3.2498,-1.7686,862.7937,144.6812
1773860157.912684,-6.6499,-3.7813,-1.5688,-3.2686,-1.6311,863.3748,143.4751
1773860158.2381082,-7.1875,-3.6064,-1.4939,-3.3435,-1.7998,862.4875,144.1563
1773860158.567502,-7.5313,-3.6125,-1.5376,-3.0623,-1.8811,863.3562,144.2939
1773860158.8906898,-7.6250,-3.8125,-2.0688,-3.7185,-1.9812,862.9500,144.1128
1773860159.216301,-7.3560,-4.0127,-1.5688,-3.4873,-1.7998,862.8875,143.7690
1773860159.5434391,-6.9937,-3.3625,-1.2688,-3.4810,-1.6875,863.0999,144.4189
1773860159.8683941,-7.3687,-4.0688,-1.3938,-3.0623,-2.2188,862.9187,144.2500
1773860160.1946456,-6.8999,-2.7063,-2.2126,-3.3748,-2.1436,862.9314,143.7188
1773860160.5204551,-7.2500,-4.0625,-0.9751,-3.8311,-1.3499,862.7937,143.9751
1773860160.8474612,-7.6997,-2.9126,-1.7000,-3.9060,-2.0874,863.1248,143.9438
1773860161.1738138,-6.9185,-3.6438,-1.2251,-3.5122,-1.6311,863.1687,143.8687
1773860161.49908,-7.8687,-3.8564,-1.2126,-3.0435,-1.6687,862.7874,144.0190
1773860161.826063,-7.2749,-4.1501,-1.6750,-4.1621,-1.7813,862.9060,143.7563
1773860162.1514072,-7.1934,-3.8376,-1.0500,-3.6809,-1.8186,863.7312,143.7314
1773860162.4770005,-7.1060,-4.5376,-1.1125,-3.5122,-1.6436,863.0125,144.4624
1773860162.802444,-6.7749,-4.1064,-1.2500,-3.5435,-2.2686,862.6311,143.8750
1773860163.1305695,-6.8809,-4.3188,-1.6875,-3.1997,-2.2437,862.5999,143.7378
1773860163.4555476,-7.1499,-3.8689,-1.5688,-3.4373,-2.0186,862.7625,143.1875
1773860163.7811322,-7.4873,-4.1814,-2.0063,-3.3684,-2.3750,863.0437,143.9502
1773860164.106495,-7.5498,-4.3877,-1.8188,-3.3247,-2.1123,862.8000,143.4375
1773860164.4334092,-6.8184,-2.9939,-2.2876,-3.3809,-1.8936,862.7688,143.5000
1773860164.7595026,-7.2373,-4.1626,-1.8125,-3.8247,-1.7437,862.6375,143.5249
1773860165.0853794,-6.9434,-3.6626,-1.8689,-3.4373,-1.9937,863.1189,142.8062
1773860165.4121177,-7.5562,-3.7751,-1.5063,-3.4561,-1.8438,863.0564,143.9438
1773860165.737606,-7.0000,-2.9502,-1.7000,-3.5747,-1.5498,862.4187,143.1753
1773860166.0630324,-7.8062,-3.6875,-1.8250,-3.5935,-1.9688,862.8250,143.3438
1773860166.3888805,-6.8374,-4.1563,-1.3250,-3.5435,-1.6499,862.7874,143.6250
1773860166.7159495,-7.6563,-4.5000,-1.7813,-3.5872,-1.6748,862.9373,143.3501
1773860167.041883,-7.2246,-4.1064,-1.2937,-3.5935,-1.8875,862.9001,143.5190
1773860167.3677542,-7.2188,-4.1438,-1.4939,-3.7810,-1.7437,862.9500,142.8188
1773860167.6941018,-7.0313,-3.8252,-1.5750,-3.5623,-1.7937,862.8313,143.7124
1773860168.0187445,-7.1875,-3.7126,-1.7126,-3.7246,-2.2312,862.7688,143.1001
1773860168.34495,-7.3062,-4.0625,-1.7876,-3.9434,-1.4749,863.0623,142.5503
1773860168.670898,-6.9746,-3.8188,-2.2876,-3.7622,-2.1062,862.2625,143.2314
1773860168.9981124,-7.6060,-4.1189,-1.5750,-3.5684,-2.3936,862.3186,142.5815
1773860169.3238382,-6.9810,-3.7251,-1.6687,-3.1997,-2.2437,863.0374,143.0000
1773860169.6494782,-7.0625,-4.2751,-2.0251,-3.5186,-1.5061,862.4749,142.1753
1773860169.9752533,-7.3750,-3.7563,-2.1687,-3.6685,-2.0374,862.7561,142.5688
1773860170.3015976,-7.8623,-4.3877,-1.3938,-3.6934,-2.5874,862.8689,142.5752
1773860170.6271503,-7.5122,-4.0752,-1.9375,-3.6685,-2.2124,863.0813,142.5874
1773860170.9527702,-7.1748,-3.7063,-1.6626,-3.6621,-2.2561,862.5623,142.8252
1773860171.2799659,-7.4688,-4.1125,-1.9500,-3.0559,-1.9688,862.5935,143.2065
1773860171.605411,-7.2871,-4.0000,-1.5938,-4.1685,-2.2437,863.0813,143.0874
1773860171.9307292,-7.8247,-4.1563,-1.0500,-4.0811,-1.1687,862.4436,143.0000
1773860172.2564566,-7.3496,-4.2939,-1.9751,-3.9248,-2.1624,862.6248,142.6689
1773860172.5838594,-7.0371,-4.5000,-1.5938,-3.7747,-1.7749,863.1687,142.8750
1773860172.9098108,-7.5938,-3.8501,-1.6375,-3.6436,-1.8811,862.9500,142.5688
1773860173.2351472,-7.6123,-4.1689,-1.1938,-3.5684,-1.9873,863.1501,142.9312
1773860173.5621805,-7.2871,-4.1377,-1.7751,-3.3123,-1.8311,862.8123,142.2314
1773860173.8879335,-7.7998,-3.9563,-1.8438,-3.7686,-1.6748,862.9875,142.9126
1773860174.2133207,-7.2310,-3.4502,-1.8125,-3.3435,-1.2749,862.3313,142.4565
1773860174.538737,-6.6250,-3.5876,-1.3562,-3.3623,-2.2312,862.4685,142.0313
1773860174.8659728,-7.3999,-3.2751,-1.8188,-4.1436,-1.7437,862.6687,142.5625
1773860175.1919267,-7.5498,-3.7439,-1.4126,-3.6184,-1.7249,862.4626,142.5127
1773860175.5171986,-7.3936,-4.5876,-1.6375,-3.4497,-2.1311,862.5750,142.6499
1773860175.8430927,-7.9561,-4.3689,-1.8125,-3.5559,-2.2124,862.6624,142.0938
1773860176.1697388,-7.2622,-3.9626,-1.8689,-4.4934,-2.0249,862.5686,142.6064
1773860176.4952419,-7.7310,-4.6563,-1.9688,-3.8247,-1.7813,862.3875,142.5815
1773860176.820785,-8.0122,-4.1377,-1.2375,-3.7559,-1.7937,862.8123,141.9751
1773860177.148124,-7.2559,-4.4626,-1.8562,-3.8809,-1.8875,862.7498,142.0063
1773860177.473695,-8.0186,-3.7751,-1.3750,-3.5996,-2.1375,862.4812,141.9878
1773860177.7990978,-7.4561,-4.0439,-1.4001,-3.8623,-2.2874,862.6624,142.3315
1773860178.1246672,-7.3936,-4.0439,-1.8000,-3.4873,-1.7188,862.4314,142.3750
1773860178.4517612,-7.8560,-4.0625,-1.7188,-3.4248,-1.9124,862.4749,141.8125
1773860178.7767363,-7.1997,-4.5000,-1.5188,-3.6123,-1.8186,862.8499,141.8940
1773860179.1028767,-7.1934,-4.6626,-1.7251,-3.9373,-2.0061,863.3435,141.7437
1773860179.4302633,-7.9937,-4.4063,-0.8813,-3.9810,-1.9124,862.5750,141.9624
1773860179.755789,-7.9561,-4.7375,-1.7625,-3.8247,-2.5186,862.9875,141.8062
1773860180.0816443,-7.5313,-4.7188,-2.0125,-3.6560,-2.1875,862.7249,142.1377
1773860180.4071543,-7.6563,-4.0500,-1.4438,-3.8623,-2.0374,862.6125,141.9688
1773860180.7342186,-7.5186,-4.2813,-0.8250,-4.0872,-2.2874,862.3875,141.8315
1773860181.060138,-7.9248,-3.0063,-1.3625,-4.0186,-2.0750,862.7185,141.9502
1773860181.3846543,-7.5186,-3.3064,-1.3188,-3.9685,-1.9561,862.2688,141.9937
1773860181.7114685,-7.4121,-3.6750,-1.7063,-4.3435,-2.0000,862.7312,142.2437
1773860182.038383,-7.3247,-4.4063,-2.1750,-3.7310,-2.0874,862.6814,141.7065
1773860182.3641188,-7.2061,-3.7751,-1.8438,-4.0559,-1.9624,862.4001,141.8501
1773860182.6899214,-7.9248,-3.8438,-0.8000,-4.4185,-2.1436,862.8250,141.6689
1773860183.0172741,-7.7124,-4.0752,-1.5625,-3.7998,-2.5686,862.7561,141.7065
1773860183.3432496,-8.0498,-4.3689,-1.9126,-3.8809,-2.0938,862.6311,141.4126
1773860183.6684868,-7.3999,-4.3564,-1.5500,-3.6621,-2.1624,862.9626,141.5752
1773860183.9939337,-7.5996,-4.4375,-1.6938,-3.9622,-2.2625,862.5061,141.1812
1773860184.320529,-7.5938,-4.3188,-1.5625,-4.1184,-1.6624,862.9373,140.8501
1773860184.6464055,-7.5498,-4.2314,-1.9001,-3.7935,-1.6375,862.3938,141.6499
1773860184.971824,-7.7935,-3.9001,-1.2876,-4.0811,-2.1062,862.4436,141.3940
1773860185.2990613,-7.3687,-4.3252,-1.5000,-4.0498,-2.2000,862.4812,141.4253
1773860185.6254094,-7.8438,-3.9688,-1.6750,-4.0247,-1.5938,862.4998,141.4937
1773860185.9505293,-7.5313,-4.5063,-1.4438,-3.9561,-1.8250,862.4060,141.8750
1773860186.2768788,-7.3374,-3.9875,-1.3000,-3.3372,-2.0562,862.6501,141.7378
1773860186.6034484,-7.8623,-4.1438,-1.3938,-3.9998,-1.7249,862.4060,141.0439
1773860186.9287448,-7.5000,-3.8438,-1.7312,-4.0186,-2.0186,862.3123,141.4624
1773860187.2549138,-7.3311,-4.4688,-2.1189,-3.3748,-2.0498,862.9373,140.6440
1773860187.5804336,-7.5186,-4.1814,-1.4812,-4.0935,-1.9749,862.3625,141.4438
1773860187.9075413,-7.9873,-3.8813,-1.4626,-3.5811,-1.5437,862.5437,141.2939
1773860188.233041,-8.1123,-4.1001,-1.3125,-3.8311,-2.0437,862.2625,141.3628
1773860188.5588336,-7.8125,-4.0188,-1.3438,-4.3435,-1.9500,862.0251,141.6250
1773860188.8847675,-7.3809,-3.4063,-1.1875,-3.6997,-1.9124,862.8435,141.5313
1773860189.2110424,-7.7373,-4.4502,-1.9500,-4.1309,-2.2813,863.2561,141.0249
1773860189.5368085,-7.5059,-4.2751,-1.6189,-3.1060,-2.2500,862.6375,140.8877
1773860189.8624954,-7.1372,-3.6938,-2.3625,-3.4561,-1.5938,862.2439,141.1689
1773860190.1895573,-7.4688,-4.0313,-1.9375,-3.9497,-2.0437,862.1624,141.0190
1773860190.5150218,-6.9497,-3.7126,-1.0500,-3.9873,-2.4248,862.3689,141.0938
1773860190.8406513,-7.9624,-4.3564,-1.1250,-3.9998,-2.7937,862.3376,140.9502
1773860191.167751,-7.5249,-4.4250,-1.6438,-3.5684,-2.0562,861.6501,140.8687
1773860191.4936993,-7.6060,-3.4126,-0.9500,-4.0122,-2.1375,862.1750,140.9502
1773860191.8193069,-7.6250,-4.3750,-1.3938,-3.7686,-2.0437,862.5999,140.6563
1773860192.1447542,-7.8247,-3.8064,-1.8313,-4.1997,-2.0562,862.3376,141.3188
1773860192.4719112,-7.9248,-4.3125,-1.5938,-4.1248,-1.8750,862.5061,140.8687
1773860192.797989,-7.6309,-3.4375,-1.6687,-4.2871,-1.7686,862.1248,140.8315
1773860193.1230776,-7.2310,-3.8438,-1.5625,-4.1060,-1.6748,862.3435,140.6128
1773860193.4486268,-7.3623,-4.4814,-2.0000,-4.1748,-2.6624,862.1560,140.9502
1773860193.7762887,-8.3872,-3.9375,-1.0188,-4.0811,-2.4937,862.0623,140.8315
1773860194.1015291,-7.9434,-3.5752,-1.4939,-3.7935,-1.6812,862.1624,140.7500
1773860194.4268568,-8.0059,-3.7813,-1.6814,-4.0559,-1.7813,862.1248,140.2563
1773860194.7543898,-7.8496,-4.1001,-2.1189,-3.6497,-1.6687,861.9500,140.1689
1773860195.0794368,-7.6997,-3.7002,-1.3562,-3.7434,-2.1062,862.1560,141.0000
1773860195.405021,-7.6123,-3.9688,-1.7126,-3.8560,-1.9812,862.4749,140.5688
1773860195.7307053,-8.3872,-4.0439,-1.4126,-3.9434,-2.4312,862.6125,140.7749
1773860196.0580246,-7.6563,-4.1189,-2.2312,-3.3496,-2.3186,861.6814,140.4565
1773860196.3835175,-7.7188,-4.1875,-2.2688,-3.5872,-2.1936,862.8064,140.4126
1773860196.709297,-7.9434,-4.3064,-1.6626,-3.7998,-2.2500,862.0125,140.5439
1773860197.0360315,-7.8936,-4.0752,-1.8689,-3.9248,-2.2686,861.8499,140.2378
1773860197.3617191,-7.9873,-4.2876,-2.0876,-4.4248,-2.3623,862.1311,140.4878
1773860197.687132,-8.0122,-3.9939,-2.1125,-3.8123,-1.8562,861.9939,139.9502
1773860198.0128267,-7.6436,-4.7688,-1.3813,-3.9622,-2.2312,862.5125,140.2437
1773860198.3399785,-8.2246,-3.6001,-1.5750,-4.3623,-2.1499,862.7874,140.0000
1773860198.6656985,-8.1309,-4.2251,-2.3689,-3.9746,-2.2437,862.7561,140.0439
1773860198.9911861,-7.1060,-4.3188,-2.3313,-4.1123,-2.3936,862.1125,140.5562
1773860199.317162,-7.4434,-3.8252,-1.6375,-4.0186,-2.4812,861.9626,140.0439
1773860199.644092,-7.7124,-4.4626,-1.2188,-3.4248,-2.1624,862.4314,139.9063
1773860199.9696648,-7.9497,-4.4438,-2.2251,-4.0872,-2.1375,862.2561,139.9312
1773860200.2950745,-7.8311,-3.4939,-1.8125,-3.8496,-2.2373,861.6560,139.8940
1773860200.6220567,-8.2188,-4.4063,-1.8875,-4.4248,-2.3562,861.6560,139.7124
1773860200.94745,-8.3809,-3.9438,-1.1501,-3.7998,-2.3875,862.1501,140.1250
1773860201.2730103,-8.0562,-4.1250,-1.3689,-4.2622,-1.8438,861.8811,139.7690
1773860201.5986154,-7.3311,-4.1501,-1.5500,-4.5684,-2.4749,861.9939,140.2500
1773860201.926171,-7.9810,-3.5313,-1.5000,-4.0811,-2.2686,861.8250,139.6563
1773860202.2515283,-7.4063,-4.6875,-1.7063,-3.6560,-2.1748,862.2375,139.6440
1773860202.5769615,-7.9185,-4.0688,-1.7937,-3.8123,-2.2061,862.1501,140.0190
1773860202.90392,-8.2310,-4.3625,-2.1062,-4.1621,-1.9436,861.7126,139.5503
1773860203.2295187,-7.3125,-3.8501,-2.2563,-4.0435,-2.4624,861.9124,139.8501
1773860203.5554698,-8.1060,-4.3064,-1.5500,-3.9810,-2.5374,861.9563,139.6250
1773860203.8807206,-8.0625,-4.9250,-1.7625,-3.9248,-2.0938,861.5437,139.6563
1773860204.2079055,-8.0313,-3.3125,-1.9688,-4.5747,-2.2874,861.8811,139.6440
1773860204.5333767,-7.9063,-4.4189,-1.7375,-3.8809,-2.0811,861.9749,139.6440
1773860204.85908,-8.4063,-4.0251,-1.5564,-3.8872,-2.1936,862.3435,139.4937
1773860205.1841562,-7.6123,-4.6250,-1.4375,-4.2122,-2.1375,862.0437,139.7124
1773860205.5121117,-7.5000,-4.4189,-1.8813,-4.5371,-1.7124,861.5437,139.4688
1773860205.8376553,-7.3311,-4.4563,-1.8000,-4.1934,-2.0374,862.1687,139.5688
1773860206.1629844,-8.2622,-3.9626,-1.2500,-4.6123,-1.9500,862.5876,139.7437
1773860206.490045,-7.9497,-3.7813,-1.8501,-4.4060,-2.1563,861.9939,139.3813
1773860206.8156207,-8.1621,-4.4751,-2.0188,-3.8311,-2.2124,861.9626,140.0752
1773860207.1411786,-7.8125,-3.7439,-1.8750,-4.0996,-1.8311,862.0623,139.3940
1773860207.4667668,-8.0938,-4.5251,-1.8813,-3.8623,-2.4187,862.1311,139.2939
1773860207.7939434,-8.0122,-3.9250,-1.8689,-4.1934,-2.3311,861.8875,139.2124
1773860208.119559,-7.8125,-4.4875,-1.7126,-4.5186,-2.3999,861.5935,139.3438
1773860208.4452214,-8.1812,-4.8125,-1.1875,-3.9998,-2.3811,861.9250,139.3501
1773860208.7723763,-7.9810,-4.6626,-1.4375,-4.0811,-2.2561,862.1814,138.6563
1773860209.0978906,-7.9873,-4.0063,-2.0564,-3.8123,-2.1250,861.8875,139.5625
1773860209.4236188,-7.8872,-4.5564,-2.0313,-3.9309,-2.0562,862.3123,139.3374
1773860209.749435,-7.8247,-4.3188,-1.4250,-3.6873,-1.8811,861.9685,138.9814
1773860210.0754485,-7.6563,-4.5813,-1.7126,-4.3435,-2.2749,862.0437,139.3564
1773860210.4022498,-7.7559,-4.6875,-2.3064,-3.6685,-2.5750,861.9124,139.5127
1773860210.7277884,-8.0684,-4.2627,-1.8250,-4.2310,-1.9248,862.1560,138.8564
1773860211.0534885,-8.2559,-3.9502,-1.6189,-3.8997,-1.8936,862.3123,139.5063
1773860211.3806515,-8.2559,-4.6377,-1.5188,-4.4060,-2.1563,861.7561,139.0815
1773860211.7064312,-8.3872,-4.2375,-1.9187,-4.1309,-1.7437,862.0500,139.0938
1773860212.0318818,-7.5684,-4.0564,-2.2625,-4.0435,-2.1687,861.7375,139.3687
1773860212.3596296,-8.0186,-4.4250,-1.4187,-3.3311,-2.2373,861.7185,138.8062
1773860212.6850207,-8.0811,-4.0813,-1.8938,-4.1372,-2.1062,861.8376,138.3877
1773860213.0101597,-8.1309,-4.5313,-1.5938,-4.4934,-2.1875,861.8064,139.2124
1773860213.3356242,-7.6436,-4.2314,-2.0251,-4.1309,-2.4561,861.5750,138.4502
1773860213.6636877,-8.5059,-4.3501,-1.6687,-4.9561,-1.3374,862.4998,138.9688
1773860213.9888387,-8.2061,-4.3438,-1.7625,-4.1997,-2.4873,862.0813,138.6313
1773860214.314279,-8.4624,-3.8313,-2.4688,-3.7747,-2.2625,861.8625,138.6128
1773860214.6410124,-8.1499,-4.3188,-1.8376,-3.9998,-2.2373,862.1501,138.5313
1773860214.9667752,-8.7373,-3.4688,-1.8501,-4.2185,-2.3186,861.8435,138.6377
1773860215.2925236,-8.6372,-4.2500,-1.7937,-4.1873,-2.2998,862.2312,138.4253
1773860215.6178432,-8.0811,-5.0313,-2.0125,-3.9561,-2.1375,861.3625,138.4937
1773860215.9444637,-7.8247,-4.7375,-2.4626,-4.0996,-2.4187,861.9314,138.8687
1773860216.27097,-8.6748,-4.4375,-2.0500,-4.3997,-2.5999,862.0813,138.3564
1773860216.5964174,-8.0435,-4.0876,-2.2688,-4.2373,-2.3186,861.9373,138.3125
1773860216.9221556,-8.6875,-4.1501,-2.0125,-4.2434,-2.6062,861.7625,138.8125
1773860217.2492547,-7.7310,-4.2688,-1.7312,-3.8435,-2.2561,861.8811,138.3999
1773860217.5747764,-8.6060,-5.0500,-2.1563,-4.2246,-2.3125,861.6687,138.1440
1773860217.8997905,-8.0684,-4.0188,-1.4126,-4.6497,-2.7000,862.3123,138.5127
1773860218.227726,-8.2686,-4.1064,-1.9187,-4.2998,-2.2124,862.1687,138.3003
1773860218.553761,-7.5498,-3.9126,-2.0251,-4.5435,-2.3250,862.1560,137.9253
1773860218.8790894,-8.5498,-4.5188,-1.9126,-4.2246,-2.0374,861.6125,138.1875
1773860219.2046356,-7.9497,-4.5251,-1.9563,-4.4309,-2.1123,861.9187,138.4063
1773860219.531874,-7.9937,-4.6064,-1.3562,-4.2935,-2.5061,861.6687,137.7124
1773860219.857394,-8.3560,-5.0752,-1.6250,-4.0559,-2.2437,861.3748,138.4063
1773860220.1829228,-7.7871,-4.3438,-1.3313,-3.8247,-2.3499,862.3064,138.5313
1773860220.510641,-8.1436,-3.8877,-1.7000,-4.3123,-2.2998,861.7874,138.6128
1773860220.8363047,-7.9746,-4.3188,-2.2937,-4.0996,-2.6375,861.7810,138.0752
1773860221.1618516,-8.7749,-4.5938,-1.3938,-4.0747,-2.3062,861.4939,137.9063
1773860221.4871194,-8.1997,-4.9875,-1.5876,-4.0310,-2.2312,862.1248,138.3687
1773860221.8142843,-8.6187,-4.6438,-2.3313,-4.0371,-1.8623,861.9998,138.1128
1773860222.1403244,-8.3184,-4.8438,-2.2188,-4.2246,-2.4063,861.8123,137.8315
1773860222.466071,-8.1436,-4.2751,-1.5564,-3.7310,-1.6499,861.0437,138.0815
1773860222.792059,-8.3750,-4.4939,-1.7251,-4.5872,-2.2813,861.9626,138.1753
1773860223.1186786,-8.7246,-4.3750,-2.1189,-3.9561,-2.3562,861.2126,137.7188
1773860223.4440427,-8.6187,-4.6377,-2.0437,-4.4060,-2.2188,861.6687,138.0625
1773860223.769571,-8.2871,-4.7813,-2.3875,-4.3435,-2.8062,861.8123,137.7939
1773860224.096787,-8.5811,-4.2751,-2.1001,-4.7246,-1.8750,862.0310,138.0376
1773860224.42214,-8.2246,-4.2939,-2.5000,-4.5122,-2.6123,861.4998,137.8750
1773860224.7477882,-8.0435,-4.2314,-2.5688,-4.4873,-2.4063,861.9314,137.6440
1773860225.073081,-8.1748,-4.6250,-1.9438,-4.4060,-3.0750,861.7185,137.5000
1773860225.4000626,-8.8184,-4.7188,-2.5500,-4.3247,-2.4187,862.0935,138.1250
1773860225.726095,-8.4248,-5.0251,-1.8689,-4.1685,-1.9500,861.7000,137.6812
1773860226.051771,-9.0249,-4.0000,-1.6250,-4.2122,-2.4561,861.7874,137.5063
1773860226.3791366,-8.5874,-4.8125,-2.2876,-4.3247,-2.0498,861.2498,137.6875
1773860226.7041903,-8.3438,-4.1250,-1.5813,-4.5059,-2.1311,862.0061,137.0688
1773860227.0296504,-9.0122,-3.7002,-1.8000,-4.7498,-2.3687,861.5686,137.3252
1773860227.3551352,-8.3062,-4.1377,-1.9751,-4.3435,-2.4124,861.5623,137.9937
1773860227.682225,-8.9063,-4.8000,-2.2312,-4.4873,-2.5999,861.5935,137.3750
1773860228.0071654,-8.0996,-4.8877,-1.8000,-4.5811,-2.1436,861.2937,137.3252
1773860228.334288,-8.5186,-4.6563,-1.8938,-4.5371,-1.8311,861.4436,137.2939
1773860228.6596043,-8.0996,-4.9438,-1.8625,-4.4873,-2.6563,861.1624,137.3501
1773860228.9862874,-8.3184,-4.5625,-2.0251,-4.0623,-2.5125,861.0251,137.2378
1773860229.3118684,-8.6685,-4.8252,-1.7000,-4.4561,-2.6563,861.5686,137.3564
1773860229.637264,-8.1250,-4.8564,-2.3689,-4.3311,-1.9312,861.7810,137.1753
1773860229.9643,-9.0371,-4.1313,-1.7126,-4.6873,-2.5562,861.6375,137.8813
1773860230.2898726,-8.9810,-5.0813,-2.0000,-4.4998,-2.0811,861.4812,137.3501
1773860230.6162193,-8.7310,-4.6626,-1.6313,-4.6436,-2.7874,861.7000,136.9565
1773860230.9412587,-8.4873,-4.9438,-1.7625,-4.2747,-2.4436,861.9001,137.1064
1773860231.2684524,-8.4688,-4.4751,-1.3938,-4.4497,-2.5249,861.5686,137.5313
1773860231.5944438,-8.6875,-4.6064,-2.0876,-4.1184,-2.5811,861.5437,136.9688
1773860231.9194114,-8.1875,-4.7126,-1.8188,-4.2122,-2.3438,861.2937,137.2876
1773860232.2464132,-8.4063,-4.6250,-2.1062,-4.3560,-2.7124,861.6814,136.9502
1773860232.5719147,-8.8062,-4.4126,-2.2251,-4.3872,-2.6062,861.3000,136.9189
1773860232.8977122,-7.9937,-4.7126,-2.2563,-4.6873,-2.0999,861.0374,137.0190
1773860233.2232668,-8.1187,-5.0127,-1.4563,-4.7310,-2.6748,861.4124,136.5815
1773860233.5503695,-8.6187,-4.5813,-2.1750,-4.2622,-2.5186,861.4373,136.6938
1773860233.8761177,-8.1436,-4.4375,-2.3750,-4.5122,-2.3438,861.2561,137.2939
1773860234.2015486,-8.7686,-4.8750,-2.0376,-4.1685,-1.9812,860.8811,137.0938
1773860234.5273478,-8.1436,-5.0688,-1.9626,-4.2935,-2.2312,861.1189,136.3501
1773860234.8543642,-8.3623,-4.7251,-1.6938,-4.8435,-2.2937,860.9626,136.4624
1773860235.1798527,-8.8809,-4.8625,-1.5437,-4.3560,-2.2998,861.4250,136.8125
1773860235.505799,-8.7124,-4.3438,-2.2625,-4.5186,-1.8250,861.1248,136.7378
1773860235.8325248,-8.6875,-4.9563,-1.4500,-4.2747,-2.4500,861.2561,137.3315
1773860236.158315,-8.2559,-4.5752,-2.1750,-4.4561,-2.6187,861.0686,137.1753
1773860236.4837182,-8.0562,-4.5000,-1.9688,-4.8936,-2.5186,862.0374,136.3628
1773860236.8101542,-8.2310,-4.6250,-1.9438,-4.7622,-2.1187,861.3748,136.5439
1773860237.1361473,-8.8936,-4.7939,-2.5813,-4.6560,-2.3499,861.1189,136.7500
1773860237.4617696,-8.8184,-5.0000,-2.1375,-4.4873,-2.5061,861.2625,136.9438
1773860237.7872472,-9.0122,-4.8877,-1.6626,-4.3123,-2.1936,861.1873,136.7500
1773860238.114454,-8.0000,-4.1689,-1.9812,-4.9934,-2.3374,861.3186,136.5000
1773860238.4399416,-8.6875,-4.7627,-1.9438,-4.3748,-2.5249,861.4563,136.5815
1773860238.765426,-8.4688,-5.2500,-2.5188,-4.6997,-2.7500,860.9060,136.7124
1773860239.0909495,-8.5811,-4.1125,-2.1125,-4.4497,-2.6187,861.2126,136.1187
1773860239.417873,-8.2500,-4.0439,-2.0437,-4.2061,-2.2373,861.1814,137.2437
1773860239.7437656,-8.9688,-4.8125,-1.9063,-3.9746,-1.9873,860.9187,136.1440
1773860240.0691392,-8.7188,-4.6938,-1.8125,-3.6934,-2.7312,861.4749,136.7437
1773860240.3950813,-8.1250,-4.9001,-2.2688,-4.5059,-1.8562,861.2561,136.0938
1773860240.7224283,-8.5059,-4.7813,-2.2625,-4.3872,-2.5249,861.4875,136.0063
1773860241.0481193,-8.7437,-4.5688,-2.2688,-4.0996,-2.2437,861.4875,136.0562
1773860241.3736072,-8.5562,-4.4688,-1.6313,-4.8496,-2.6311,861.3186,136.4438
1773860241.701348,-8.7813,-4.9063,-1.3813,-4.3496,-2.1436,861.5310,136.4565
1773860242.0264778,-9.0059,-5.0188,-2.5688,-4.5623,-2.7124,860.9436,135.6064
1773860242.350941,-8.7188,-4.7375,-1.4563,-4.4873,-2.7061,861.3811,135.9814
1773860242.6774492,-8.7749,-4.5500,-1.5437,-4.4685,-2.9187,860.9124,135.6001
1773860243.0049276,-8.9873,-3.6938,-1.8625,-4.5559,-2.6375,861.0437,136.6938
1773860243.3307486,-8.9873,-4.6377,-1.9751,-4.4497,-2.6375,861.5750,136.6689
1773860243.6560657,-8.6250,-4.8625,-1.8562,-4.2498,-2.7188,861.0437,136.1875
1773860243.9828331,-9.1309,-4.5752,-1.8625,-3.9309,-2.8374,861.2063,136.0249
1773860244.3088827,-8.3750,-4.3376,-1.6875,-4.5684,-2.2124,861.4812,135.9126
1773860244.6341534,-8.3247,-4.6814,-2.0500,-4.6748,-2.5249,861.3064,136.0313
1773860244.959883,-8.9810,-5.1125,-2.1001,-4.4934,-2.2000,860.9373,136.4253
1773860245.285997,-7.9121,-4.7813,-2.3689,-4.1497,-2.9688,861.5251,136.3188
1773860245.6124237,-8.6748,-4.5439,-2.0750,-4.1809,-2.2749,861.4626,135.8252
1773860245.9379487,-8.8687,-4.5625,-2.5376,-4.5996,-2.5437,861.6814,135.7749
1773860246.263439,-8.4561,-4.8689,-2.3813,-4.8872,-1.7561,861.5251,135.8003
1773860246.5908322,-8.5498,-4.8188,-1.6875,-3.9121,-2.8811,861.2063,135.7876
1773860246.915856,-8.6934,-4.4814,-2.5813,-4.0684,-2.6687,861.4812,135.8813
1773860247.243001,-8.3496,-4.6501,-2.1313,-4.7373,-2.6187,861.1062,135.4624
1773860247.56949,-8.8687,-4.7876,-2.3250,-4.0623,-2.4063,860.9124,135.5625
1773860247.8939505,-8.3560,-4.4751,-1.9063,-4.1685,-3.0811,860.8625,135.7437
1773860248.2207289,-8.1997,-4.8813,-2.0437,-4.5935,-2.5750,860.9436,135.2124
1773860248.5459833,-9.0562,-4.9814,-2.7751,-4.6997,-2.5750,861.0374,135.1753
1773860248.8731952,-8.6875,-5.2439,-2.5063,-4.3247,-2.3438,860.9250,135.2500
1773860249.1988423,-8.3125,-5.0376,-2.2000,-4.4309,-2.5249,860.8625,135.7251
1773860249.5244274,-8.8809,-4.1750,-2.0188,-4.6748,-2.7000,861.0564,135.9253
1773860249.8522542,-9.0684,-4.9438,-1.7688,-3.8435,-2.7813,860.9998,135.3999
1773860250.1777449,-8.7749,-4.8252,-2.3501,-4.2310,-2.4063,860.5935,135.8003
1773860250.50285,-9.0811,-5.0500,-2.1875,-4.7622,-2.6123,861.4436,134.8999
1773860250.8283017,-8.8438,-4.9626,-1.4375,-4.7246,-2.4624,860.8748,134.9937
1773860251.155721,-8.9497,-5.0500,-1.9063,-4.4434,-2.5186,861.2063,135.9375
1773860251.481691,-8.8999,-4.3877,-1.8625,-4.5623,-1.9312,860.8875,135.6440
1773860251.806977,-8.4063,-5.2188,-2.4939,-4.6184,-2.7312,860.9626,135.4312
1773860252.1320894,-9.1372,-4.4375,-1.8813,-4.2810,-2.5437,860.9001,136.0503
1773860252.459675,-8.8311,-4.7314,-2.8813,-4.2998,-2.4624,860.9187,135.8687
1773860252.7848873,-9.3062,-4.7439,-2.4626,-4.7373,-3.2000,861.4314,135.3315
1773860253.1104376,-8.6309,-4.5251,-2.3376,-5.2185,-2.6187,861.0310,134.7251
1773860253.4384227,-8.9873,-4.7876,-1.8438,-5.1560,-2.4248,860.8748,135.1377
1773860253.7639759,-8.2373,-3.7939,-2.0000,-4.2935,-2.6436,861.1189,135.1812
1773860254.08907,-8.4937,-4.9250,-2.4438,-4.7498,-2.8936,861.2561,135.1377
1773860254.4148014,-9.0122,-4.2375,-2.0750,-4.5122,-2.8999,860.6624,134.9688
1773860254.7424085,-9.0313,-5.0439,-2.6250,-4.7185,-2.5437,861.1750,134.7437
1773860255.0675695,-9.1563,-5.0251,-2.4688,-4.4497,-2.2625,860.9124,135.1753
1773860255.393626,-8.8438,-5.0752,-2.0564,-4.5935,-2.5000,860.9875,134.9565
1773860255.7204628,-8.6748,-4.9563,-1.6313,-4.6309,-2.3562,860.7561,134.8003
1773860256.0462005,-9.1997,-4.7688,-2.0500,-4.6060,-2.9812,861.0564,134.8940
1773860256.3717566,-8.9375,-4.7813,-1.9626,-4.6436,-2.7061,861.1687,134.9878
1773860256.6974847,-8.4746,-4.8000,-2.3625,-4.7559,-1.8374,860.7688,134.9312
1773860257.0250673,-9.0684,-4.9688,-2.2751,-4.2747,-2.9812,860.9001,134.9624
1773860257.350366,-8.6685,-5.0376,-2.1501,-4.4810,-2.1748,860.9749,134.4375
1773860257.676172,-9.1685,-5.0251,-2.3501,-4.6123,-2.5874,860.7498,134.9565
1773860258.0020928,-9.1250,-5.5127,-2.5125,-4.8059,-2.7437,861.0500,135.0562
1773860258.3287194,-8.9375,-4.2002,-2.2126,-4.3623,-2.8687,860.9626,134.7690
1773860258.6543624,-8.7686,-5.2063,-2.0813,-4.3623,-2.2625,860.9436,134.4878
1773860258.979839,-9.1123,-4.7627,-2.2188,-4.0247,-2.7625,860.6814,134.5688
1773860259.3075607,-9.3125,-4.5625,-1.6626,-4.5559,-2.7625,860.6311,134.5313
1773860259.633412,-9.1250,-5.1064,-1.9438,-4.7747,-2.3562,861.1189,134.6187
1773860259.9592059,-8.7559,-5.1377,-2.0125,-4.9561,-2.5811,860.7375,134.4688
1773860260.2842004,-9.2559,-4.8313,-2.1125,-4.6621,-3.0686,860.8123,134.6689
1773860260.6113079,-9.2622,-5.2002,-1.4875,-4.9248,-2.6187,860.9373,134.4688
1773860260.9370522,-9.2124,-4.7627,-2.1814,-4.7246,-2.7561,860.5374,134.4253
1773860261.2628317,-9.0811,-5.0313,-2.6375,-4.4685,-2.2874,860.8123,134.5249
1773860261.5902996,-8.4624,-5.0127,-2.1125,-4.9746,-2.4561,860.7810,134.2627
1773860261.9156048,-9.1436,-5.3501,-2.1687,-5.0247,-2.4436,861.0251,134.7500
1773860262.241381,-9.1685,-5.2439,-2.5376,-4.4434,-2.9375,860.7375,134.7690
1773860262.5663216,-8.9375,-4.6001,-2.2751,-4.7310,-3.1187,860.5125,133.7500
1773860262.8936653,-9.3311,-4.8877,-2.2126,-4.7434,-2.5374,860.5310,134.3877
1773860263.219534,-9.2500,-4.7251,-2.3438,-4.7246,-2.3438,860.9812,134.0313
1773860263.5451756,-8.9121,-4.7375,-2.6438,-4.2246,-2.6436,860.7185,134.5313
1773860263.870095,-9.1997,-4.9939,-3.0437,-4.2622,-2.9624,860.3689,133.9814
1773860264.1972616,-9.0000,-5.1875,-2.4563,-5.1436,-2.7124,860.8811,133.9189
1773860264.5233054,-8.7686,-5.1250,-2.0376,-4.2498,-2.5938,860.8250,134.4253
1773860264.8497078,-9.1436,-4.8376,-2.3938,-4.7998,-2.7500,860.5251,134.3877
1773860265.1767797,-9.4688,-5.0251,-2.4187,-4.9810,-2.4561,860.2751,134.2065
1773860265.5025475,-8.6748,-5.0000,-1.9438,-4.7246,-2.7625,860.3123,134.0063
1773860265.8278623,-8.8184,-4.4939,-2.2439,-4.6184,-2.3499,861.2561,133.7065
1773860266.1538599,-8.6187,-4.8501,-1.8938,-4.5435,-2.4937,860.7312,133.6187
1773860266.4810503,-9.4185,-4.7375,-1.9500,-4.9561,-3.0374,860.5374,133.7314
1773860266.8059285,-9.0996,-4.8125,-2.4001,-4.7122,-2.3936,861.0686,134.3687
1773860267.1317613,-8.6372,-5.6501,-2.7500,-4.5247,-2.7561,859.9939,133.8999
1773860267.4592805,-9.2246,-5.2251,-2.2625,-4.6560,-3.1624,860.7000,134.1689
1773860267.7841573,-9.3809,-4.1689,-2.6001,-4.5498,-2.1624,860.0061,133.9189
1773860268.108565,-8.8062,-4.4563,-2.6062,-4.4998,-2.7749,860.1311,133.8564
1773860268.4353895,-9.2998,-4.1064,-2.5437,-4.9248,-2.4873,860.3123,133.5688
1773860268.7624252,-8.6685,-4.8877,-1.7876,-4.4934,-2.7561,860.8000,134.0249
1773860269.088178,-9.1875,-5.1563,-2.1875,-4.7434,-2.9248,860.7126,133.8374
1773860269.4138207,-9.3999,-5.0688,-2.3501,-4.7122,-2.9436,859.8376,134.1812
1773860269.7389264,-9.4434,-5.1189,-2.2312,-4.6060,-2.5125,861.0437,133.3564
1773860270.0659416,-9.1997,-5.2188,-2.4375,-4.1621,-2.5249,859.9939,133.8687
1773860270.3925314,-9.1934,-5.1875,-2.2312,-4.5435,-2.8499,860.5686,133.8062
1773860270.7173936,-9.2622,-4.9126,-2.2312,-4.3936,-2.4812,860.5750,134.1250
1773860271.0432804,-9.1685,-5.2939,-1.9250,-4.4185,-2.6812,860.1560,134.1313
1773860271.3699467,-8.8438,-5.4001,-2.1062,-4.9622,-2.8499,860.5876,133.5874
1773860271.695716,-9.4248,-4.9502,-2.2439,-4.4934,-2.4749,860.6375,133.3628
1773860272.0208354,-9.6250,-4.9626,-2.4063,-4.7810,-2.8250,860.2810,133.6563
1773860272.3481584,-9.4497,-5.0251,-2.6062,-4.8684,-2.8875,859.9939,133.5063
1773860272.6737118,-9.0938,-5.3938,-2.2500,-4.8435,-2.9500,861.0061,133.7002
1773860272.9990823,-9.0371,-4.3313,-2.5125,-4.4934,-2.4312,860.2937,133.4063
1773860273.3264112,-8.7246,-5.0251,-2.5063,-5.1184,-2.8811,860.8689,133.5313
1773860273.6511276,-9.1436,-5.2126,-1.9500,-4.8560,-2.7061,860.7439,133.4126
1773860273.9773722,-8.9810,-5.1125,-2.3188,-4.9685,-3.0061,860.6750,133.4312
1773860274.30357,-9.2749,-5.0376,-2.0938,-4.6497,-2.7312,860.4626,133.7002
1773860274.6292899,-9.2813,-4.8376,-1.9438,-4.3496,-2.1936,860.6062,132.6626
1773860274.955681,-8.9063,-5.2627,-2.2876,-4.9185,-3.0811,860.1438,133.5063
1773860275.281407,-9.0186,-5.3252,-2.2063,-4.6748,-2.5186,860.3499,133.4189
1773860275.607238,-9.6436,-4.7939,-2.3813,-4.5247,-2.8438,860.1624,133.3438
1773860275.933302,-9.3809,-5.0752,-2.2751,-4.7498,-2.6748,860.0750,133.1753
1773860276.2599542,-9.5435,-5.1377,-2.0938,-4.4248,-2.7437,860.2937,132.7876
1773860276.5854237,-9.5625,-5.2063,-2.5125,-4.4622,-2.7373,859.9250,133.1563
1773860276.9127464,-9.2998,-4.8438,-2.3750,-4.4810,-2.2000,860.1873,133.2876
1773860277.2378836,-9.4746,-4.8000,-2.2500,-4.4248,-2.4873,860.7937,133.3062
1773860277.5633738,-9.7124,-5.3625,-2.0813,-4.6685,-2.2937,860.4998,133.1626
1773860277.889235,-9.7559,-5.1938,-2.2876,-5.0310,-2.6375,860.3186,132.8003
1773860278.2160053,-9.3999,-4.9502,-2.3064,-5.4060,-2.5313,860.5188,133.1001
1773860278.5421243,-9.2686,-5.1125,-2.2188,-4.5935,-2.9248,860.3313,132.6187
1773860278.8672988,-9.4688,-4.7563,-2.4812,-5.1248,-2.4436,860.4187,132.5815
1773860279.1944017,-8.6934,-4.9814,-2.4375,-4.4309,-3.1563,860.4187,132.8750
1773860279.519904,-9.1250,-5.5376,-2.3625,-4.6934,-2.7500,859.8376,132.9624
1773860279.845848,-8.8184,-5.1250,-2.2312,-4.7871,-2.6624,859.8064,133.0313
1773860280.1713147,-8.8872,-5.2627,-2.2688,-4.6248,-2.5437,860.4563,133.3877
1773860280.4985301,-9.4937,-5.1626,-2.2751,-5.0498,-3.0874,859.3875,132.3813
1773860280.823765,-9.4312,-5.5188,-2.3813,-4.2559,-2.7937,860.2874,132.6499
1773860281.1494308,-9.3936,-5.4875,-2.7937,-5.0747,-3.1187,859.8748,132.6753
1773860281.4754603,-8.9497,-5.0564,-2.3064,-4.7747,-2.9312,860.4060,132.7124
1773860281.8021219,-9.5811,-4.8625,-2.4563,-5.1809,-2.6563,860.4998,132.4565
1773860282.1278722,-9.3184,-5.3313,-1.6875,-4.7185,-3.1624,860.4124,132.5376
1773860282.4534674,-8.9248,-4.8064,-2.5437,-4.8184,-3.1499,859.8625,132.5752
1773860282.780438,-9.2061,-5.3000,-2.2000,-4.7935,-3.1187,859.8186,132.6938
1773860283.105849,-9.7500,-4.8376,-2.3938,-5.1060,-2.6311,860.1125,132.1689
1773860283.4316313,-9.5938,-4.7002,-2.5625,-5.1060,-2.4873,860.0374,132.7378
1773860283.756965,-9.4063,-5.2500,-2.5063,-4.7434,-3.0249,859.8250,132.3501
1773860284.082893,-9.7246,-5.5188,-2.8438,-4.3496,-3.0811,860.1125,132.7124
1773860284.40957,-9.8184,-5.1938,-2.7375,-5.0186,-2.9937,860.1814,132.9189
1773860284.735318,-9.3560,-5.0251,-2.7563,-4.7871,-2.9187,859.6438,132.3374
1773860285.0622206,-9.2749,-4.7688,-2.0125,-4.5996,-3.1624,860.1814,132.4063
1773860285.3879886,-9.2935,-4.9063,-2.0688,-5.2935,-2.8875,860.3562,132.4688
1773860285.713377,-9.6812,-4.6938,-2.3125,-4.8809,-3.1375,860.1501,132.4375
1773860286.0390697,-9.1499,-4.8750,-2.5063,-4.6309,-2.6563,859.8689,132.8750
1773860286.3660328,-9.2998,-5.4001,-2.5564,-4.4622,-3.1812,860.1936,132.1875
1773860286.6919453,-8.6934,-4.6875,-2.3875,-4.6934,-2.9561,859.9250,132.4438
1773860287.0162144,-9.7559,-5.2002,-2.1687,-4.7998,-2.9187,860.1189,132.3940
1773860287.34261,-9.3936,-5.1001,-2.6062,-4.7373,-3.1624,859.8748,132.5249
1773860287.670095,-9.2871,-4.7439,-2.4812,-4.8123,-2.6812,860.4124,132.4751
1773860287.9952095,-9.4688,-5.3438,-2.5813,-5.2498,-2.9436,859.9500,133.0313
1773860288.3212824,-9.3560,-5.2813,-2.4812,-4.8623,-2.9312,860.1936,132.2314
1773860288.648603,-9.3311,-5.0938,-2.3438,-4.4622,-2.7749,860.3376,132.1440
1773860288.9743695,-9.3125,-4.9875,-2.9126,-4.7747,-2.9312,859.7498,131.9814
1773860289.2995672,-9.3438,-5.2188,-2.4626,-4.8560,-2.7998,860.5876,132.2876
1773860289.6252859,-9.7061,-4.8064,-2.0813,-4.9998,-2.7937,859.9998,132.0938
1773860289.9522471,-9.1309,-5.0000,-2.5313,-4.9685,-2.7312,859.7063,131.5562
1773860290.2781255,-9.3311,-4.9250,-2.6001,-4.7246,-3.2249,859.9939,131.8438
1773860290.6037364,-9.7871,-5.6001,-2.6501,-4.7622,-2.9248,860.0251,132.0376
1773860290.9304755,-8.9937,-5.4939,-2.7500,-4.8748,-2.7124,859.9812,132.2065
1773860291.2560456,-9.0996,-5.0127,-2.2751,-5.0186,-2.8936,860.2249,132.0249
1773860291.5819154,-9.6875,-5.4438,-2.4126,-4.8997,-3.0437,859.8064,132.1812
1773860291.907827,-9.1563,-5.7688,-2.3438,-5.2061,-2.7061,860.6501,131.8940
1773860292.2346513,-9.3311,-5.1125,-2.4875,-4.9561,-3.4500,859.8562,131.4189
1773860292.5601718,-9.4497,-4.6626,-2.2000,-5.0684,-3.3687,859.8186,131.6499
1773860292.8857658,-9.7749,-4.9751,-2.2563,-4.5996,-3.4688,859.7874,132.1689
1773860293.211288,-9.4121,-5.4875,-2.7251,-4.1685,-2.6375,860.1311,131.8628
1773860293.538917,-9.4312,-5.1377,-2.4563,-5.1621,-3.0562,860.0623,131.9375
1773860293.8642766,-9.9434,-4.7314,-2.7625,-4.9373,-2.6936,859.9685,132.0376
1773860294.1899235,-9.2373,-5.2439,-2.3875,-5.0186,-2.8936,860.0310,131.6626
1773860294.5174198,-9.0938,-5.5127,-2.4001,-5.3435,-2.6499,859.7561,132.0063
1773860294.8424754,-9.4688,-5.5439,-1.7439,-4.9622,-2.8374,859.7688,131.5503
1773860295.1680157,-9.5498,-5.4751,-2.8938,-5.4622,-3.1499,860.1311,131.7690
1773860295.4935324,-9.6563,-4.5127,-2.4939,-4.7622,-3.1624,859.9939,131.6128
1773860295.821028,-9.5313,-5.1563,-2.6001,-4.7998,-3.2124,860.0310,131.6689
1773860296.1467216,-9.6372,-5.2251,-2.8064,-5.0498,-2.8936,859.9812,131.2627
1773860296.4724162,-9.7622,-5.0752,-2.6062,-4.7622,-2.7625,860.2249,131.3813
1773860296.799172,-9.6060,-5.0063,-2.3625,-5.0872,-3.2686,859.7126,131.2500
1773860297.1252844,-9.9375,-5.8000,-2.2751,-5.2747,-2.6187,859.4563,131.5938
1773860297.4502442,-9.3687,-5.4375,-2.0251,-5.3684,-3.2998,859.9626,131.7065
1773860297.7762191,-9.0186,-5.2002,-1.8750,-4.7935,-3.5249,860.1873,131.3999
1773860298.1032867,-9.4248,-4.6501,-2.9626,-5.1372,-3.1748,859.9314,131.5562
1773860298.4293072,-9.4937,-5.2314,-2.7126,-4.8560,-3.0061,859.7000,131.1626
1773860298.75439,-9.5313,-5.4875,-2.5063,-4.6248,-3.4375,859.8938,130.6875
1773860299.0798666,-8.8936,-5.3438,-3.1001,-4.9060,-3.1936,859.9001,130.7690
1773860299.4072387,-9.9937,-5.3501,-2.6062,-4.7246,-2.7813,859.6560,131.5503
1773860299.7330558,-9.1934,-5.5127,-2.8313,-4.0371,-2.8811,859.7498,131.1313
1773860300.058481,-9.3247,-5.0938,-2.6189,-4.8623,-3.0061,859.7810,131.1563
1773860300.3854265,-9.7124,-4.5376,-2.4438,-5.2935,-3.2437,859.2625,131.5439
1773860300.7109885,-9.4873,-5.1875,-2.4126,-4.9309,-3.0811,859.2000,130.9751
1773860301.0365527,-9.0996,-5.2939,-2.1938,-5.1748,-3.3438,859.8689,131.7378
1773860301.3621378,-9.7559,-4.4626,-2.8689,-4.9998,-3.3438,859.9001,131.1626
1773860301.6896544,-10.0313,-4.8188,-2.0376,-4.8059,-2.9500,859.7810,131.2251
1773860302.0150537,-9.3623,-5.2563,-2.7312,-5.1685,-3.3936,859.7249,130.9751
1773860302.3411698,-9.5249,-5.1938,-2.3188,-4.5247,-3.2373,859.9436,131.0874
1773860302.667704,-9.7998,-4.7188,-2.4250,-4.3560,-3.1250,859.9314,131.2065
1773860302.9935596,-9.7871,-5.3938,-2.7813,-5.2810,-3.0625,859.6814,130.9126
1773860303.3190188,-9.8560,-5.3064,-2.7188,-5.3372,-2.9937,860.0935,131.2813
1773860303.6448753,-9.4873,-4.9250,-2.4688,-4.9561,-3.2500,859.8435,130.8813
1773860303.9723516,-9.9624,-5.5127,-2.6125,-4.6372,-3.0125,860.2000,130.8438
1773860304.2978957,-9.7373,-5.2314,-1.8376,-4.9998,-2.8374,859.5999,130.6128
1773860304.6239808,-9.5996,-5.0188,-2.4563,-5.0935,-3.6250,859.9812,130.5249
1773860304.948832,-9.3062,-5.2500,-2.6875,-5.0371,-3.1062,859.2063,130.6250
1773860305.275722,-9.6250,-5.5000,-2.1313,-5.3623,-3.0374,859.6311,131.2124
1773860305.6013515,-10.0747,-4.5313,-2.7751,-4.8184,-3.2686,859.3875,130.7002
1773860305.9272313,-9.9746,-5.5188,-2.2751,-4.9309,-3.2000,859.7625,130.9189
1773860306.2543495,-9.5313,-5.8000,-2.2188,-5.0122,-3.2188,859.7810,131.0625
1773860306.5800898,-9.5747,-4.8564,-2.5376,-4.6809,-3.0000,859.6750,130.8003
1773860306.9054317,-9.5122,-5.0625,-2.6501,-5.0811,-3.2000,860.1375,130.8003
1773860307.2306414,-9.7998,-5.6689,-2.5625,-5.0498,-3.2188,859.9187,131.0752
1773860307.5583284,-9.6875,-5.3000,-2.5688,-4.9810,-3.3186,859.3250,130.3687
1773860307.88339,-9.3809,-4.9438,-2.5564,-4.7434,-3.2813,859.9563,130.6128
1773860308.2095037,-9.3936,-5.5063,-2.4063,-5.4373,-3.0313,859.9998,130.2124
1773860308.536685,-9.8184,-4.5752,-2.6375,-4.9497,-3.3374,859.7000,131.0688
1773860308.8616323,-9.4624,-5.7188,-2.5688,-4.9248,-3.0938,859.8186,130.1313
1773860309.1880968,-10.4312,-5.2314,-2.5376,-5.0059,-3.3750,859.4563,130.0815
1773860309.51307,-10.4810,-5.8438,-2.7625,-4.9998,-3.0000,859.2498,130.0000
1773860309.840798,-10.1748,-5.6875,-2.7000,-5.1123,-3.2998,859.5437,130.4502
1773860310.166157,-9.3062,-5.7188,-2.5125,-5.3809,-3.1375,859.3376,130.2437
1773860310.4919226,-10.0122,-5.9438,-2.6750,-4.7185,-3.1499,859.4250,130.1812
1773860310.8174298,-10.1309,-5.1875,-2.6687,-5.2246,-3.2312,859.4749,130.1626
1773860311.1445584,-9.4873,-5.3376,-2.3250,-5.1309,-3.1748,860.0999,130.0249
1773860311.4702182,-9.9312,-5.2627,-2.5625,-5.1123,-3.3438,859.1873,129.9878
1773860311.7957542,-9.8062,-5.3625,-2.4939,-4.8872,-3.1375,859.3064,130.2749
1773860312.122991,-9.4185,-5.6626,-2.7126,-5.3435,-2.7874,859.2375,129.8374
1773860312.4486015,-10.1812,-4.9626,-2.4314,-4.9998,-3.1936,859.8499,130.0063
1773860312.7745621,-9.0249,-4.9939,-2.5625,-5.2559,-3.3186,859.5188,129.9751
1773860313.0996819,-10.1563,-5.4502,-2.2251,-5.1621,-3.2124,859.4626,129.5815
1773860313.426788,-9.7188,-4.6250,-2.0813,-4.8123,-3.6062,859.3811,130.2690
1773860313.7523837,-9.9624,-5.2314,-2.8188,-5.1060,-3.5000,859.3689,129.3750
1773860314.0779371,-9.4434,-5.5500,-2.5938,-4.9622,-3.4436,859.3562,130.0625
1773860314.4048915,-10.0122,-5.1689,-2.5063,-5.1621,-3.5313,859.8811,129.5874
1773860314.7313097,-9.8750,-5.1377,-2.5938,-4.8560,-2.7437,859.2810,129.7188
1773860315.0561144,-9.2061,-5.2876,-2.4126,-5.2122,-2.6375,859.6560,129.9565
1773860315.3814526,-9.3623,-5.3064,-2.2563,-5.3997,-3.0313,859.0813,130.3188
1773860315.709114,-9.9312,-5.1250,-2.5063,-4.9998,-3.3562,860.1624,129.7314
1773860316.0333214,-9.5562,-5.3750,-3.1189,-4.9622,-3.5625,859.2126,129.7690
1773860316.359789,-9.1250,-5.5500,-2.7813,-4.9248,-3.1748,859.4124,130.0000
1773860316.6854682,-9.3872,-5.0251,-2.6001,-5.0623,-3.1250,859.7063,130.0503
1773860317.0126514,-10.2061,-5.5251,-1.8188,-5.0684,-3.2998,859.6125,129.3252
1773860317.338661,-9.4561,-5.8877,-2.3376,-5.5059,-3.3875,859.4563,130.1001
1773860317.6640944,-9.5874,-5.4375,-2.6750,-5.2434,-3.1123,859.7874,129.4878
1773860317.991134,-10.2188,-4.8376,-2.2688,-4.8809,-2.9312,859.3499,129.3315
1773860318.3167312,-9.9624,-5.2876,-2.9875,-4.7871,-2.9124,859.4998,129.4312
1773860318.642422,-10.0747,-5.2002,-2.0251,-5.1497,-3.4937,859.7375,129.2251
1773860318.9679735,-9.6123,-5.6001,-2.2063,-5.2935,-3.2998,859.6125,129.1064
1773860319.294939,-10.0249,-4.6377,-2.7937,-5.3059,-3.0874,858.8689,129.9375
1773860319.6206555,-10.5747,-4.7500,-2.6438,-5.4373,-3.1563,859.2688,129.3813
1773860319.946178,-9.7686,-5.3625,-2.6875,-5.4934,-3.0625,859.0876,129.4189
1773860320.2738094,-9.7998,-5.2563,-2.5688,-4.9685,-3.3311,859.4187,129.5127
1773860320.5991356,-10.1621,-5.4502,-3.2063,-5.6997,-3.4937,859.6125,129.3125
1773860320.9248066,-10.2124,-5.0813,-2.9187,-5.0498,-3.0000,859.3313,128.9937
1773860321.2504163,-10.4873,-5.5127,-2.8689,-5.4121,-3.5938,859.6501,129.2876
1773860321.5775099,-9.6934,-4.7251,-2.9688,-5.3496,-3.2561,859.2625,128.8999
1773860321.902557,-10.2061,-5.1313,-3.0437,-5.1060,-3.2686,859.3000,129.2378
1773860322.2287033,-9.9561,-5.1750,-2.5251,-5.6436,-3.6563,859.8000,128.7876
1773860322.554244,-10.2188,-5.4875,-2.4688,-5.3560,-3.6499,859.0686,128.7813
1773860322.8821492,-9.5313,-5.6875,-2.7188,-4.8936,-3.6499,858.9500,128.9502
1773860323.2074254,-10.2124,-5.7063,-2.5938,-5.7061,-3.4312,859.2000,128.8501
1773860323.5324478,-10.1875,-5.3750,-2.1938,-4.8372,-3.4375,859.4812,129.1440
1773860323.8593261,-9.6309,-4.7876,-2.4939,-5.3435,-4.2561,859.6814,128.8628
1773860324.1851003,-9.8750,-5.1814,-2.9314,-5.0747,-3.6311,858.7000,128.8062
1773860324.5114286,-10.0684,-5.5813,-3.5000,-5.4998,-3.5186,859.3250,128.6938
1773860324.837388,-10.0874,-5.8438,-2.5813,-5.0872,-3.1687,859.1624,128.3125
1773860325.1640894,-9.6997,-5.4563,-3.0564,-4.8372,-4.2561,859.2063,128.9751
1773860325.490178,-9.4434,-5.4001,-2.6626,-4.8684,-3.2749,858.8938,129.2188
1773860325.8152356,-10.0371,-4.8252,-2.7688,-4.6184,-3.1875,859.1189,129.2563
1773860326.1426315,-9.8438,-5.5127,-3.2439,-5.1748,-3.5374,859.4314,128.5063
1773860326.4683106,-10.3687,-4.7876,-3.1563,-5.0498,-3.5374,858.6560,128.5503
1773860326.7938313,-10.0249,-5.1814,-3.1814,-5.0186,-3.1187,859.6189,128.5313
1773860327.11967,-10.3311,-5.5188,-1.9375,-5.1123,-4.0249,859.6814,128.8374
1773860327.4466667,-10.1372,-5.4814,-2.8125,-5.1621,-3.4124,859.3811,129.0439
1773860327.7720973,-10.3311,-5.6750,-2.2375,-4.8560,-2.7874,859.0686,128.7563
1773860328.0978787,-10.1187,-5.0439,-2.3813,-5.3496,-3.3811,859.1624,128.4878
1773860328.424011,-9.9497,-4.5439,-2.4563,-5.1436,-3.1936,859.7439,128.3750
1773860328.750721,-10.1499,-5.6064,-2.0750,-4.7498,-3.3687,859.3064,129.2002
1773860329.0764315,-10.0996,-4.7251,-2.5251,-5.0247,-3.2937,859.8499,128.3628
1773860329.4019964,-10.5000,-5.2688,-3.4250,-5.4497,-3.9749,859.0623,128.9063
1773860329.7292004,-10.4937,-5.2063,-2.8250,-5.0623,-3.6499,858.4314,128.6187
1773860330.0548747,-10.5059,-5.7439,-2.3625,-5.2747,-3.3936,859.2063,128.7314
1773860330.3803823,-9.9688,-5.4250,-2.2126,-4.9373,-3.3374,859.2249,128.5503
1773860330.7063615,-9.7622,-5.5127,-2.9500,-5.3748,-3.5000,859.1814,128.1753
1773860331.0333443,-10.3311,-5.5500,-2.3250,-5.1248,-3.4873,858.7439,128.3315
1773860331.3592994,-9.8936,-5.0688,-3.0500,-5.0122,-3.1812,859.1750,128.5313
1773860331.6850984,-10.2246,-5.7002,-2.4875,-5.2686,-3.2625,859.4314,128.5313
1773860332.0120718,-10.3872,-5.2063,-2.9438,-5.1685,-3.5000,858.8748,128.0688
1773860332.33788,-10.0996,-5.1689,-2.4688,-5.2246,-3.4561,859.0564,127.9878
1773860332.6634774,-9.6499,-5.4001,-2.6501,-4.9810,-3.5938,858.8250,128.3687
1773860332.989673,-9.3750,-5.3625,-3.2937,-5.6184,-3.2625,859.3186,128.2314
1773860333.317069,-10.3311,-5.5813,-2.7813,-5.3184,-3.5874,859.1311,127.9375
1773860333.642037,-10.3687,-5.2251,-2.6313,-5.4561,-3.5938,858.9124,128.2188
1773860333.9678416,-10.3560,-5.6250,-2.8938,-5.1809,-3.5313,859.0437,128.0874
1773860334.2932007,-9.8809,-5.2627,-2.8875,-4.9746,-3.5498,859.1311,128.1875
1773860334.6209102,-10.4561,-5.7563,-2.8501,-5.0811,-3.6062,858.6624,128.0688
1773860334.9450488,-9.7310,-5.5625,-2.8875,-6.0247,-2.9187,859.4314,127.4878
1773860335.271845,-10.2437,-5.5313,-3.1687,-5.3684,-3.9749,859.1560,128.1499
1773860335.5990775,-10.2500,-5.4939,-2.2625,-5.6997,-3.7249,858.9436,127.9502
1773860335.9245763,-10.0874,-5.3188,-3.0750,-5.2622,-3.7561,858.8748,127.9688
1773860336.2506788,-10.0059,-5.7375,-2.9250,-5.4121,-3.6123,859.0686,128.2378
1773860336.577041,-10.1499,-5.2563,-2.9626,-5.3184,-3.6624,858.7937,127.8687
1773860336.9034452,-10.6372,-5.2251,-2.8750,-5.0247,-3.4561,859.0623,127.2813
1773860337.229217,-10.2246,-5.9814,-2.6375,-5.4998,-3.4937,858.9500,128.0562
1773860337.5549154,-10.7935,-5.0251,-2.2000,-5.0811,-3.7124,858.4314,127.8374
1773860337.8818066,-10.4375,-5.8313,-2.4626,-5.1685,-3.5874,858.5310,128.3940
1773860338.2078068,-10.6748,-4.8125,-2.9626,-5.5435,-3.4688,858.6936,127.4878
1773860338.5331166,-10.0249,-6.1563,-2.8938,-4.9746,-3.1436,858.9812,127.3750
1773860338.858724,-10.4810,-5.6814,-2.3875,-5.2622,-4.0000,858.6125,127.3750
1773860339.1857188,-10.4937,-6.0439,-3.3501,-5.4373,-3.6875,859.1501,127.2563
1773860339.5115018,-10.2373,-5.5625,-2.6189,-5.3623,-3.1062,859.2625,127.5625
1773860339.8376045,-10.5371,-5.8877,-2.3501,-5.4497,-3.4436,858.9563,127.1626
1773860340.1632483,-9.9937,-5.1938,-2.8501,-5.2185,-3.8562,858.7874,127.8687
1773860340.490253,-10.3247,-5.6377,-2.8689,-5.4622,-3.4500,858.5061,127.1753
1773860340.815555,-10.1748,-5.8438,-3.1814,-5.7622,-3.7061,858.9685,127.1626
1773860341.1412096,-10.3999,-5.2002,-2.9375,-5.4810,-3.7500,858.8186,127.5439
1773860341.4686255,-10.2437,-5.5188,-2.5376,-5.5747,-3.5249,858.7375,127.5815
1773860341.7940671,-10.6748,-5.8625,-2.7188,-5.4746,-3.3875,859.0999,127.8438
1773860342.1197128,-10.3560,-4.9751,-2.6438,-5.3748,-3.6812,858.4500,127.2314
1773860342.4450922,-9.7500,-5.4063,-3.0813,-5.0747,-3.4937,858.8811,127.3315
1773860342.7731056,-10.5811,-5.6750,-2.5938,-5.3997,-3.4375,858.9998,127.4063
1773860343.0980706,-10.0122,-6.1501,-2.6875,-5.6372,-3.5249,858.9060,126.8564
1773860343.424395,-10.3311,-5.8877,-2.6313,-5.6685,-2.8999,858.7375,127.0625
1773860343.7511706,-10.3809,-5.9875,-2.8188,-4.9934,-3.7686,859.0500,127.2939
1773860344.0768538,-10.0435,-5.2813,-3.2625,-5.7373,-3.7874,858.9812,126.8999
1773860344.4024882,-10.3311,-4.4438,-3.0437,-5.2061,-3.7749,858.7439,127.2876
1773860344.7280707,-10.6499,-5.7563,-2.6626,-5.6060,-3.8186,858.5188,126.6001
1773860345.0550578,-10.4185,-5.7188,-2.8813,-5.5186,-4.0498,858.7439,127.1001
1773860345.3809662,-10.1563,-4.8813,-2.9688,-5.7061,-3.5061,859.1624,127.1753
1773860345.7067852,-10.3809,-5.2314,-2.3125,-5.4185,-3.6123,858.7249,127.1313
1773860346.0315404,-10.7813,-5.7939,-3.2312,-5.3872,-4.0686,858.9875,126.9253
1773860346.3589957,-10.2124,-5.1501,-2.6563,-5.2810,-4.2937,857.8811,127.2627
1773860346.6846004,-10.7124,-5.6626,-2.6250,-5.6372,-3.7124,858.6936,127.2813
1773860347.0108438,-10.8560,-5.1501,-3.1626,-4.9685,-4.0437,859.3313,127.1377
1773860347.3375685,-10.7749,-5.7876,-2.6875,-5.6372,-3.8250,858.5125,127.6938
1773860347.6633937,-10.3687,-6.0251,-3.3501,-5.2686,-4.0938,858.7249,127.0752
1773860347.9888527,-10.3247,-6.1626,-2.8250,-5.5623,-3.8811,858.5500,127.1128
1773860348.3147075,-10.5562,-5.5000,-2.7751,-5.3123,-3.7000,858.3748,126.9189
1773860348.642325,-10.3438,-5.8252,-2.8000,-5.6934,-3.6812,858.7249,126.9438
1773860348.9675448,-10.9497,-5.5376,-3.2063,-4.9622,-4.1624,858.4812,126.5376
1773860349.292894,-10.6372,-5.7251,-3.0125,-6.0684,-3.5249,858.7810,126.8125
1773860349.620694,-10.5313,-5.6814,-2.7312,-5.9185,-3.8875,859.0564,126.8062
1773860349.9459155,-10.6748,-6.0188,-3.4314,-6.0122,-4.1812,857.9187,126.4878
1773860350.2716076,-10.9497,-5.7563,-2.3000,-5.2061,-4.1748,858.6248,126.9937
1773860350.5961697,-10.3496,-5.7002,-3.2251,-5.2998,-3.4436,858.9124,127.3877
1773860350.9245565,-11.0249,-5.8064,-2.9001,-5.5122,-3.6563,858.5686,126.0439
1773860351.250402,-10.5874,-5.7063,-3.0500,-5.6123,-3.3186,858.6750,127.1313
1773860351.5756726,-10.3062,-5.3813,-2.3813,-5.4998,-4.1123,858.5500,126.5688
1773860351.9017072,-10.6372,-6.0500,-2.7813,-5.6309,-3.4561,858.7126,126.4438
1773860352.2281942,-10.6372,-5.7939,-2.4438,-5.6560,-4.2124,857.7375,126.3003
1773860352.5537403,-10.3311,-5.7314,-2.8188,-5.3059,-4.1062,858.6125,126.8501
1773860352.879449,-10.3750,-5.8625,-2.8562,-5.2498,-4.2373,858.8064,126.5127
1773860353.2070417,-10.2310,-5.4438,-2.5251,-5.5371,-3.8687,859.0310,126.5190
1773860353.5325289,-10.5811,-6.0188,-3.2688,-5.6685,-3.8811,857.7561,126.1875
1773860353.8582008,-10.4434,-5.7126,-3.1189,-5.8496,-4.2937,858.4685,126.2437
1773860354.1838224,-10.2871,-5.4250,-2.8562,-5.8936,-3.9375,858.2063,126.6689
1773860354.5100179,-10.6685,-5.2813,-3.4688,-5.8623,-3.4187,858.2063,126.7813
1773860354.8368003,-10.0747,-5.5000,-3.3562,-5.8059,-3.5498,858.7249,126.5562
1773860355.162468,-10.5122,-4.7002,-2.8250,-5.9060,-3.5811,858.0750,125.8315
1773860355.4904935,-10.3125,-5.5000,-2.9187,-5.4185,-3.9375,858.6248,125.8813
1773860355.8158724,-10.6060,-5.3877,-3.2439,-5.4934,-3.0874,858.9749,126.3374
1773860356.1412616,-10.5811,-5.7251,-3.0876,-5.7871,-4.4624,858.3562,126.0063
1773860356.4671798,-10.4312,-5.5564,-3.1438,-6.0122,-4.2561,858.3562,125.9937
1773860356.7939737,-10.2373,-6.0313,-2.9875,-5.4622,-4.0061,858.2063,126.3374
1773860357.1198313,-10.5059,-6.0063,-2.5750,-5.4746,-4.0061,858.7312,126.3750
1773860357.4453225,-10.4624,-5.7063,-3.0688,-5.9746,-3.9500,857.9187,125.5625
1773860357.772537,-10.1309,-5.0439,-2.7688,-5.3247,-3.6187,858.3000,126.5439
1773860358.0975707,-10.9688,-6.0376,-2.8250,-5.2871,-3.8750,858.5188,126.4438
1773860358.423847,-11.0747,-6.0813,-2.7500,-5.6560,-3.7373,858.4250,125.7690
1773860358.7501788,-10.7813,-4.4688,-3.4751,-6.0059,-4.3687,858.4124,125.5190
1773860359.0771878,-10.7061,-6.2688,-3.3875,-5.9060,-4.0437,858.0251,126.2437
1773860359.4016793,-10.9434,-5.9314,-3.1250,-5.6123,-3.7874,857.8435,126.2876
1773860359.7280781,-9.9185,-6.0063,-3.6125,-5.7871,-3.4248,858.3499,126.0376
1773860360.0550632,-10.9746,-6.1501,-3.0125,-5.8496,-4.0811,858.0500,126.3687
1773860360.3822296,-10.7373,-5.6626,-3.3562,-5.9121,-3.6250,858.1375,125.8374
1773860360.7068694,-10.8623,-5.4502,-2.8000,-5.2998,-3.7625,858.0813,126.0000
1773860361.0326924,-10.3438,-5.6563,-2.7439,-5.2559,-4.0562,858.4749,125.7002
1773860361.359073,-11.1187,-5.7314,-2.8562,-5.3997,-4.3311,858.0500,125.8687
1773860361.6847324,-10.3311,-5.0625,-2.9001,-5.2871,-3.9248,858.2561,126.0063
1773860362.010022,-10.8247,-5.8125,-3.1313,-5.4497,-3.9312,858.3376,125.5313
1773860362.335749,-10.6934,-5.5063,-3.0876,-5.5186,-3.6062,858.6873,125.4312
1773860362.6628056,-11.0435,-5.4438,-3.4375,-5.5996,-3.9312,858.2498,125.3813
1773860362.9883418,-11.0874,-5.9250,-3.4375,-5.6748,-4.0874,858.2874,125.6689
1773860363.3146405,-10.5747,-5.5938,-3.2126,-5.5247,-4.4312,858.5188,125.7690
1773860363.6418731,-10.7310,-5.2500,-3.2625,-6.0623,-4.2312,858.0564,125.5439
1773860363.9676673,-10.9561,-5.6001,-3.2000,-5.9497,-4.0186,858.5125,125.4688
1773860364.2936268,-11.0249,-5.8252,-2.9375,-5.6685,-3.9375,857.8938,126.1313
1773860364.6190033,-10.9561,-6.2375,-3.3625,-5.6809,-4.3562,857.8625,125.9688
1773860364.9465947,-10.7935,-4.7688,-2.6563,-5.9622,-4.2000,857.7751,125.5063
1773860365.2724087,-11.0371,-5.9626,-2.7688,-5.7747,-3.8438,857.6814,125.5190
1773860365.5979548,-10.7749,-6.2063,-3.3625,-6.2246,-4.3499,858.0564,125.6128
1773860365.925682,-10.5435,-6.7126,-2.5313,-5.6309,-3.7500,858.1814,125.6753
1773860366.2507899,-11.1748,-5.3501,-3.0313,-5.5996,-3.8875,858.0623,125.6064
1773860366.5764167,-10.9248,-5.8188,-2.8813,-6.0122,-4.2312,858.1125,125.5000
1773860366.9022825,-10.9873,-6.0127,-3.3000,-5.2686,-4.3374,857.9187,125.1938
1773860367.2291193,-11.0249,-5.9250,-3.7000,-5.9622,-3.8562,858.1125,125.2563
1773860367.554806,-10.6499,-6.0439,-3.0000,-5.6497,-4.0874,857.9563,125.1064
1773860367.8807044,-10.8750,-6.0376,-3.3000,-5.3623,-4.0437,857.9314,124.9375
1773860368.2089264,-10.4121,-5.4502,-2.9626,-6.1184,-4.2998,857.9060,125.2002
1773860368.5340314,-11.1621,-5.7688,-3.2500,-5.6748,-3.0562,857.7000,125.1753
1773860368.860288,-10.5938,-6.2188,-3.3064,-6.0498,-4.1062,857.9812,125.1626
1773860369.1854105,-10.4497,-5.9875,-2.4314,-5.9185,-4.1436,857.8875,125.7749
1773860369.512965,-11.3125,-5.5313,-3.0188,-5.7185,-3.8687,858.3499,125.2188
1773860369.8384342,-11.0874,-5.7188,-2.8313,-6.0498,-4.3875,858.0251,124.8188
1773860370.1640286,-10.3809,-6.0876,-3.0313,-6.0996,-4.7686,858.5935,124.7690
1773860370.489802,-11.0684,-4.8938,-3.1189,-5.5310,-4.1311,857.6438,124.6313
1773860370.8169947,-10.8560,-6.0564,-3.2126,-5.7185,-3.9624,857.7126,125.0752
1773860371.1429455,-10.4497,-5.9375,-3.3689,-5.6497,-4.1311,857.4314,124.7690
1773860371.4684803,-11.0625,-5.3438,-2.5500,-5.8997,-4.0562,857.7000,124.9624
1773860371.7951994,-10.9624,-5.8750,-2.9250,-5.6184,-4.1062,857.7874,124.6563
1773860372.1218507,-10.9624,-5.8813,-3.2688,-5.9873,-4.5125,857.6873,124.5063
1773860372.4471292,-11.0996,-5.9375,-2.8813,-6.0872,-4.8062,857.3875,124.6001
1773860372.7725253,-10.9375,-5.6689,-2.7751,-5.5935,-4.1687,857.9250,124.4688
1773860373.099537,-11.0498,-5.7126,-2.6501,-5.6060,-4.1375,857.7625,124.8438
1773860373.4256103,-11.1372,-5.9189,-2.9001,-6.2246,-4.0498,857.9500,124.9878
1773860373.750842,-11.2246,-6.4875,-2.3562,-5.8748,-4.1563,858.3313,125.1250
1773860374.0784461,-10.9873,-6.3438,-2.7500,-5.8123,-4.1624,858.1501,124.2437
1773860374.4037457,-10.9873,-6.1250,-2.9314,-5.5811,-4.0437,857.7439,124.6250
1773860374.7291915,-11.2871,-6.5688,-2.8813,-5.7810,-4.5437,858.0374,124.7500
1773860375.0550532,-10.7749,-5.8625,-2.9500,-5.3123,-4.5374,857.5251,124.6440
1773860375.3819656,-11.2998,-6.3252,-3.5313,-5.2185,-4.2561,857.9998,124.3003
1773860375.7078955,-11.2686,-6.0251,-3.3188,-5.5559,-3.9436,857.6873,124.5376
1773860376.03307,-10.8809,-6.0752,-3.2937,-6.1997,-3.8250,857.9939,124.2500
1773860376.3600857,-11.0122,-5.6689,-2.7625,-5.5247,-4.3062,857.7185,124.4312
1773860376.6859236,-11.2437,-6.1563,-3.0876,-6.0371,-4.1311,857.5623,124.3564
1773860377.011443,-10.6621,-6.1689,-2.7375,-5.4998,-4.5374,857.7000,124.1626
1773860377.3370886,-10.7622,-5.6750,-3.2188,-5.8872,-4.2686,857.9626,124.2813
1773860377.6646044,-10.9185,-5.9001,-2.9001,-5.8936,-4.6250,857.7937,124.1187
1773860377.9899704,-10.5498,-5.8064,-3.4626,-5.9373,-4.7188,857.8435,124.2437
1773860378.3162255,-10.6563,-6.1501,-3.3376,-5.9309,-4.4436,857.7185,124.9063
1773860378.6419191,-11.0684,-5.7002,-2.8875,-6.0371,-4.8062,857.9187,124.1250
1773860378.969168,-10.4434,-6.3064,-2.6875,-5.9622,-4.4561,857.7312,123.8252
1773860379.2942796,-11.1934,-5.8313,-2.7625,-5.4309,-5.0374,857.8875,124.2314
1773860379.6200912,-10.8809,-6.6438,-3.3188,-5.8872,-4.5437,857.6062,124.3628
1773860379.9471972,-11.0249,-5.4189,-3.3064,-5.8684,-4.0625,858.0999,124.2500
1773860380.2729242,-10.7246,-6.2126,-3.1750,-5.8435,-4.0874,857.7375,124.1499
1773860380.598728,-10.7686,-5.8501,-3.4626,-6.1309,-4.9124,857.8435,124.0439
1773860380.9253092,-10.7124,-5.7126,-3.5437,-5.7871,-3.9500,857.9685,123.9624
1773860381.2517717,-11.5684,-5.7751,-3.5938,-5.6184,-4.5437,857.5623,123.8564
1773860381.5769858,-11.1060,-6.1377,-3.0688,-6.4121,-4.6123,857.5251,123.9502
1773860381.902748,-11.3374,-6.2751,-3.7375,-5.9434,-4.6187,857.9124,124.2939
1773860382.230008,-11.2622,-6.3501,-3.5188,-5.9685,-4.6499,857.6125,123.9688
1773860382.5566065,-10.4497,-6.3877,-3.9812,-5.7061,-4.5874,857.9060,124.1313
1773860382.8818362,-11.2500,-5.6689,-3.4939,-5.7935,-4.4688,857.5251,124.7188
1773860383.2069938,-11.2935,-6.0500,-3.0251,-5.8623,-4.2000,857.3938,124.1313
1773860383.5342996,-11.1685,-6.3813,-2.7876,-5.8748,-4.0313,858.0310,123.9189
1773860383.8600671,-10.8311,-5.3877,-3.4438,-6.2810,-4.2312,857.9626,124.1875
1773860384.1862836,-10.9688,-6.3000,-3.5125,-6.0623,-4.2937,857.8938,123.4565
1773860384.5132966,-10.8560,-6.0688,-3.1438,-5.8184,-4.6499,858.0310,124.4878
1773860384.839082,-11.5122,-5.9001,-3.2688,-6.2185,-4.6687,857.2498,123.4375
1773860385.1643345,-11.3125,-5.2063,-3.7563,-5.7373,-4.4436,858.1248,124.1313
1773860385.4898064,-11.1621,-5.8938,-2.7876,-6.0747,-3.9063,857.4939,123.7314
1773860385.8170214,-10.7998,-5.9189,-2.8813,-5.8809,-3.8811,857.4812,123.9502
1773860386.1429648,-11.2500,-6.4314,-3.3376,-6.1809,-4.6311,857.9187,124.0063
1773860386.4684482,-11.1812,-6.1125,-3.4063,-5.9185,-3.9624,857.3435,123.5874
1773860386.793932,-11.4063,-6.4250,-3.5500,-6.3748,-4.3936,857.4314,123.8999
1773860387.120997,-10.4688,-5.9875,-3.5625,-5.7622,-4.4624,857.5437,123.8501
1773860387.4464166,-11.2437,-6.0376,-3.6375,-6.1248,-3.6624,857.9250,123.5249
1773860387.7723413,-11.4185,-6.2688,-2.6626,-5.8809,-4.6123,857.2751,123.3999
1773860388.0994077,-11.3184,-5.6814,-3.0876,-5.9622,-4.8186,857.9685,123.4126
1773860388.4254527,-11.4375,-6.1938,-3.5251,-6.0747,-4.2749,857.5251,123.5313
1773860388.7507377,-10.7437,-6.6250,-3.3188,-5.8123,-4.6687,857.5813,123.5562
1773860389.0763848,-10.9810,-5.7251,-3.1687,-5.8809,-4.6687,857.9436,123.7876
1773860389.4035351,-11.6309,-6.3877,-3.2500,-6.0811,-4.3374,857.6624,123.5439
1773860389.7291245,-10.9185,-6.2876,-3.8813,-5.9121,-4.5562,856.5999,123.8003
1773860390.0554614,-11.5313,-5.8252,-3.8250,-6.1436,-4.3125,857.4250,123.2749
1773860390.3828843,-11.2935,-5.8750,-3.4875,-6.3247,-4.6875,857.4250,123.2500
1773860390.7086747,-11.4497,-6.1501,-3.8376,-5.9998,-4.8875,857.3064,123.2876
1773860391.0341363,-11.0874,-6.1501,-3.2188,-5.9810,-4.8936,857.4187,123.2627
1773860391.3597102,-10.5996,-6.3813,-3.6375,-5.9497,-4.1187,857.4626,123.2813
1773860391.6864412,-11.5000,-5.7063,-2.5564,-5.7747,-4.4063,857.8000,123.1377
1773860392.012861,-11.0684,-6.2251,-2.9939,-6.2185,-4.7000,857.8499,123.5874
1773860392.3382895,-11.8374,-6.1750,-3.3438,-5.6497,-4.4063,857.1311,123.1001
1773860392.664565,-11.2373,-5.6250,-3.0938,-5.9998,-4.1187,857.3064,123.3003
1773860392.9910119,-11.0122,-6.1938,-3.8938,-6.2310,-4.2249,857.3435,123.1689
1773860393.31678,-10.9063,-6.2251,-3.6313,-5.8311,-4.2937,857.0251,123.2627
1773860393.6427546,-11.1934,-6.3064,-3.4751,-5.5684,-4.8062,857.2810,123.2749
1773860393.9697676,-10.8560,-5.8438,-3.3750,-5.5435,-4.4500,857.8064,122.8188
1773860394.295133,-11.6934,-6.1875,-3.2563,-5.6497,-4.1375,857.6624,122.6875
1773860394.6213274,-11.8311,-6.6750,-4.1626,-5.8435,-4.4248,857.8625,123.0938
1773860394.9470148,-11.9185,-6.3877,-3.2375,-6.3435,-4.7373,857.6750,123.2627
1773860395.2743776,-11.1372,-5.9751,-3.3938,-5.9685,-4.2749,857.7751,122.8813
1773860395.5994327,-11.3374,-6.4250,-3.5938,-6.1560,-4.4812,857.8064,123.0127
1773860395.9257615,-10.9810,-6.2063,-3.3064,-5.6497,-4.4312,857.4685,122.8062
1773860396.2524784,-11.6060,-6.3813,-3.2751,-6.4309,-4.6624,857.0251,123.1064
1773860396.5782254,-11.3374,-6.1064,-3.6062,-6.1621,-4.9812,857.4812,122.5688
1773860396.903981,-11.1309,-5.2002,-3.4063,-5.8997,-4.8125,857.2063,122.7813
1773860397.2291405,-11.5122,-6.1626,-2.4626,-6.1560,-4.1499,856.9250,122.7251
1773860397.5566382,-10.9497,-6.2002,-3.3064,-6.1934,-4.4375,857.4124,123.0625
1773860397.8821647,-11.1997,-5.9250,-3.5938,-6.1123,-4.7437,857.6936,122.3438
1773860398.2079513,-11.9063,-6.0313,-3.3250,-6.0623,-4.4500,857.2185,122.6875
1773860398.5343504,-11.3438,-6.0251,-2.9875,-5.5872,-4.5686,856.8435,122.1563
1773860398.859403,-11.1563,-6.4814,-3.2500,-5.8247,-4.7874,857.1438,122.7002
1773860399.1848292,-11.3311,-5.9250,-3.4688,-6.1372,-4.5874,857.1311,122.4189
1773860399.5104263,-11.3560,-5.4126,-3.4375,-6.2935,-4.1062,856.9939,123.1812
1773860399.8375573,-11.6621,-6.0313,-3.2937,-6.3496,-4.7373,857.2874,122.4688
1773860400.1644323,-11.5684,-5.4126,-3.6250,-6.1372,-4.6936,857.0686,122.8628
1773860400.489105,-11.1812,-6.2314,-3.3689,-6.1123,-4.6187,857.6814,122.9624
1773860400.8172517,-11.6187,-6.6377,-3.1438,-6.3372,-4.8687,857.2312,122.5313
1773860401.1432579,-11.6621,-6.4438,-3.0876,-6.3123,-4.6250,857.2874,123.0249
1773860401.4684272,-11.8560,-6.9502,-3.5063,-6.4373,-4.3687,857.9436,122.1563
1773860401.7940803,-11.7188,-6.3938,-3.4500,-6.1372,-4.5313,857.2439,122.1938
1773860402.1217406,-10.9434,-6.4751,-3.4812,-6.1123,-5.1687,857.6560,122.6626
1773860402.4472613,-11.7188,-6.2813,-3.6375,-6.0371,-4.8250,857.0188,122.2188
1773860402.7731051,-11.2373,-6.0688,-3.1062,-6.1497,-4.7686,857.3562,122.3315
1773860403.098929,-11.5059,-6.2688,-3.8750,-6.3684,-4.5625,857.0437,122.1187
1773860403.4254668,-10.8623,-6.3000,-3.6250,-5.9561,-4.3811,856.8499,122.6128
1773860403.7510984,-11.7437,-5.9875,-3.1250,-5.9434,-5.5374,856.7498,121.8003
1773860404.0771437,-11.3687,-6.0439,-2.9939,-5.7434,-4.5999,857.2375,122.2314
1773860404.4043434,-11.9121,-5.9814,-3.5813,-6.4434,-4.6936,856.9314,122.0063
1773860404.7299912,-11.1997,-6.2939,-3.2063,-5.8372,-4.9688,857.3186,122.0063
1773860405.0556114,-11.2310,-6.1563,-3.6687,-6.4373,-4.8936,857.2625,121.8438
1773860405.381118,-11.3560,-5.9438,-3.4001,-6.5996,-4.6936,857.8000,122.0439
1773860405.708098,-11.5684,-6.1626,-3.1062,-6.2434,-4.4312,857.0061,122.0625
1773860406.0342813,-11.1436,-6.4438,-3.1501,-6.1997,-4.4812,857.3562,121.9565
1773860406.3600981,-11.8687,-6.1563,-3.4939,-6.1809,-4.7000,856.9626,121.9189
1773860406.687514,-11.7622,-6.5063,-3.7251,-5.7373,-4.5750,857.1062,121.6499
1773860407.0126085,-11.5435,-6.6125,-3.5813,-6.2061,-4.7874,857.2185,122.2002
1773860407.3382103,-11.8374,-6.1563,-3.5938,-5.9561,-4.5374,857.6248,122.6689
1773860407.663454,-11.8496,-6.1689,-2.9001,-6.5684,-4.3186,857.0935,121.4126
1773860407.991145,-11.5938,-5.9939,-2.7439,-6.2686,-4.5811,856.5686,121.8003
1773860408.3170264,-11.5684,-5.5752,-3.2000,-6.6934,-4.6563,856.9314,121.9751
1773860408.6428401,-11.1621,-6.3000,-3.6501,-6.2434,-4.8125,857.2185,121.7627
1773860408.9697587,-11.7813,-6.2314,-2.5313,-6.3623,-4.9812,857.0813,121.8188
1773860409.2955177,-12.0000,-6.1438,-2.8562,-6.3123,-5.2124,856.3811,121.4438
1773860409.6212003,-11.9375,-6.4563,-3.2188,-5.8372,-5.0999,857.1687,121.9878
1773860409.9468513,-11.6748,-6.1501,-3.7063,-5.9934,-4.6812,857.4939,121.6440
1773860410.274011,-12.1812,-6.4250,-3.7563,-6.1934,-4.8311,856.8435,121.5190
1773860410.5995753,-11.5435,-6.3376,-2.7751,-5.8184,-4.3311,857.0188,121.6440
1773860410.9261897,-11.7500,-5.8313,-3.9126,-6.2871,-4.7437,856.9314,121.9438
1773860411.2517147,-11.7686,-6.6001,-3.2439,-6.4248,-4.7686,857.0564,121.6812
1773860411.5788295,-11.8496,-5.9502,-3.2126,-6.3936,-4.2124,857.3499,122.0439
1773860411.9039211,-12.1187,-6.4001,-3.4812,-6.4185,-4.7561,856.9436,121.6313
1773860412.2296238,-10.9063,-5.7751,-3.4063,-6.0872,-4.8374,857.1248,121.5815
1773860412.555754,-11.5122,-6.5688,-4.0188,-6.1123,-4.6812,857.0310,121.4126
1773860412.8820367,-11.4248,-5.0813,-3.1313,-6.0498,-4.5938,856.7810,121.8252
1773860413.20716,-11.2124,-5.9502,-3.4187,-6.0811,-4.5562,857.4812,121.3564
1773860413.532662,-12.0938,-4.6875,-3.0876,-6.2935,-4.6499,856.9749,121.5752
1773860413.860116,-11.5874,-6.9751,-3.7563,-6.3684,-4.8438,857.1560,120.8877
1773860414.1855214,-11.4561,-6.1938,-3.3501,-7.0310,-4.7437,857.1814,121.0874
1773860414.511491,-11.5625,-6.4563,-3.5813,-6.1873,-4.5186,857.1062,121.4126
1773860414.8398087,-11.8311,-6.7439,-3.4688,-6.2998,-4.4937,857.2751,121.1001
1773860415.1654146,-11.7061,-6.4063,-2.7625,-6.0747,-4.5811,857.0310,121.3188
1773860415.491015,-11.6372,-5.4250,-3.7751,-6.4746,-4.5562,856.6438,121.0249
1773860415.8168678,-12.0186,-6.4314,-3.0750,-5.8123,-4.9500,857.0623,121.2065
1773860416.1442547,-11.8062,-6.5439,-3.7439,-6.3435,-5.1187,857.3625,120.7437
1773860416.4697566,-11.8184,-6.7251,-3.1814,-6.1497,-4.9248,856.9998,121.3252
1773860416.7954712,-11.8496,-6.5938,-3.0437,-6.2747,-4.7561,856.7126,120.7690
1773860417.1245153,-11.9937,-6.4126,-4.1438,-6.2998,-5.0186,857.1624,121.3940
1773860417.448934,-11.3496,-6.9063,-3.7063,-6.5747,-4.6311,856.8625,120.7065
1773860417.7736354,-12.0059,-6.2500,-3.7126,-6.2622,-4.9436,856.5999,121.1313
1773860418.0988424,-11.0996,-6.7126,-3.6189,-5.9497,-5.0125,856.5564,121.5562
1773860418.426172,-11.9375,-6.1814,-3.6814,-6.0371,-4.7874,856.6560,120.8813
1773860418.7522185,-11.7246,-6.4502,-3.7188,-6.0747,-4.6062,857.1438,120.8501
1773860419.0780423,-11.4746,-6.1689,-3.5125,-6.3311,-4.4812,857.0813,120.8628
1773860419.4033172,-11.5996,-6.2375,-3.6626,-6.3936,-4.9436,856.8250,120.8003
